"AQeCode","Y","Year","Projection","Lon","Lat","Alt","AQeType","AQeArea","HighDens","LowDens","Ind","Transp","Seap","Airp","Constr","UrbGreen","Agri","Forest","AGS","PopDens","PriRoad","SecRoad","FedAuto","LocRoute","indRegions"
"DEBB007",13.590032,2015,"EPSG:4979",13.526796,51.462734,89,"background","suburban",0,0.533546325878594,0.198083067092652,0,0,0,0,0,0.201277955271566,0.0191693290734824,"12062124",201.414693602387,3862.74525579062,0,0,0,"12"
"DEBB021",20.56870702,2015,"EPSG:4979",13.059945,52.401352,31,"background","urban",0,0.722397476340694,0.154574132492114,0,0,0,0,0.0977917981072555,0,0,"12054000",894.789577616522,3629.79179227703,0,0,0,"12"
"DEBB029",10.69360552,2015,"EPSG:4979",14.285139,53.064262,5,"industrial","suburban",0,0.818471337579618,0.0636942675159236,0,0,0,0,0.0222929936305732,0.0955414012738854,0,"12073532",146.914770555268,2096.8349797509,0,0,0,"12"
"DEBB032",11.8317074,2015,"EPSG:4979",14.638166,52.146264,40,"industrial","suburban",0,0.446945337620579,0.446945337620579,0,0,0,0.00321543408360129,0.0964630225080386,0,0,"12067120",476.642806065229,2255.6598287563,0,0,963.73052886463,"12"
"DEBB044",35.30914762,2015,"EPSG:4979",14.327998,51.756476,70,"traffic","urban",0.21474358974359,0.576923076923077,0.0352564102564103,0.157051282051282,0,0,0,0.016025641025641,0,0,"12052000",601.897125864995,0,1914.029122449,0,1154.40336522951,"12"
"DEBB045",37.08061557,2015,"EPSG:4979",14.538595,52.337336,56,"traffic","urban",0,0.806962025316456,0.126582278481013,0,0,0,0,0.0664556962025316,0,0,"12053000",391.715600856756,2129.66012825816,0,0,0,"12"
"DEBB048",14.54775493,2015,"EPSG:4979",12.809481,52.93189,43,"background","suburban",0,0.729903536977492,0.045016077170418,0,0,0,0,0.0192926045016077,0.122186495176849,0,"12068320",100.234109377458,1998.21692299289,763.431781770686,0,0,"12"
"DEBB049",25.88797601,2015,"EPSG:4979",12.548376,52.409309,33,"traffic","urban",0.0157728706624606,0.580441640378549,0.195583596214511,0,0,0,0,0.20820189274448,0,0,"12051000",311.699241731371,1444.69166620711,0,0,149.655669523534,"12"
"DEBB053",9.81916847,2015,"EPSG:4979",14.015252,52.563835,88,"background","rural-regional",0,0,0,0,0,0,0,0,1,0,"12064084",104.493496669127,0,0,0,0,"12"
"DEBB054",44.60748886,2015,"EPSG:4979",13.037474,52.393932,31,"traffic","urban",0,0.610223642172524,0.0287539936102236,0,0,0,0,0.220447284345048,0,0,"12054000",894.789577616522,2714.07516476092,0,0,0,"12"
"DEBB055",12.07318056,2015,"EPSG:4979",12.552303,52.420442,33,"background","suburban",0,0.604430379746835,0.164556962025316,0,0,0,0,0.193037974683544,0,0,"12051000",311.699241731371,0,0,0,0,"12"
"DEBB060",27.39635321,2015,"EPSG:4979",13.822211,52.832467,20,"traffic","urban",0,0.685714285714286,0.0571428571428571,0,0,0,0,0.101587301587302,0,0.155555555555556,"12060052",417.634099756161,2692.68953233129,764.523676784754,0,0,"12"
"DEBB063",9.09939127,2015,"EPSG:4979",11.73846,52.99875,22,"background","suburban",0,0.615873015873016,0,0,0,0,0,0.184126984126984,0.0984126984126984,0.0888888888888889,"12070424",340.106399113755,0,0,0,1646.0336322928,"12"
"DEBB064",15.28311321,2015,"EPSG:4979",14.33455,51.746344,75,"background","urban",0,0.637820512820513,0.105769230769231,0.0576923076923077,0,0,0,0.163461538461538,0,0.0352564102564103,"12052000",601.897125864995,2669.44654162433,0,0,870.91292634568,"12"
"DEBB065",6.66981504,2015,"EPSG:4979",12.561389,52.194225,111,"background","rural-regional",0,0,0,0,0,0,0,0,0.019047619047619,0.980952380952381,"12069020",47.0259494517789,0,0,0,0,"12"
"DEBB066",8.14332719,2015,"EPSG:4979",14.057064,51.897598,52,"background","rural-regional",0,0,0,0,0,0,0,0,0.550632911392405,0.449367088607595,"12061005",15.0934692787992,0,0,0,0,"12"
"DEBB067",12.40057466,2015,"EPSG:4979",12.885194,52.608609,31,"background","suburban",0,0.531645569620253,0.319620253164557,0,0,0,0,0,0.14873417721519,0,"12063208",62.9492413274825,2237.79350754793,0,0,0,"12"
"DEBB068",28.23040123,2015,"EPSG:4979",13.582269,52.677651,71,"traffic","urban",0,0.784126984126984,0.0952380952380952,0,0,0,0,0.0793650793650794,0.0222222222222222,0.019047619047619,"12060020",354.656623257369,0,3875.94485228259,0,0,"12"
"DEBB073",41.75364259,2015,"EPSG:4979",13.094618,52.388869,32,"traffic","urban",0,0.576923076923077,0.163461538461538,0,0,0,0,0.259615384615385,0,0,"12054000",894.789577616522,1764.60305150674,440.178557186521,0,726.172285405025,"12"
"DEBB075",14.89281003,2015,"EPSG:4979",13.123698,52.484168,39,"background","suburban",0,0.0511182108626198,0,0,0,0,0,0.0670926517571885,0.166134185303514,0.642172523961661,"12054000",894.789577616522,1924.31525536978,0,0,0,"12"
"DEBB083",11.48693168,2015,"EPSG:4979",14.3764,51.5645,99,"background","suburban",0,0.799363057324841,0.0127388535031847,0,0,0,0,0.0127388535031847,0.124203821656051,0.0509554140127389,"12071372",122.260940408984,2380.29048991238,367.98750574368,0,0,"12"
"DEBB086",16.01999314,2015,"EPSG:4979",13.424304,52.349703,43,"background","suburban",0,0.663492063492063,0,0,0,0,0,0.158730158730159,0.142857142857143,0.0349206349206349,"12072017",476.405804349774,1132.19593649871,0,0,0,"12"
"DEBB087",24.95955443,2015,"EPSG:4979",14.325549,51.75413,75,"traffic","urban",0.140127388535032,0.617834394904459,0.00955414012738853,0.229299363057325,0,0,0,0.00318471337579618,0,0,"12052000",601.897125864995,411.7828406136,1378.16065725719,0,1171.15986269785,"12"
"DEBB092",13.63381193,2015,"EPSG:4979",14.52596,52.33468,74,"background","suburban",0,0.623417721518987,0.0949367088607595,0,0,0,0,0.281645569620253,0,0,"12053000",391.715600856756,1222.63307170957,0,0,0,"12"
"DEBB099",34.81984927,2015,"EPSG:4979",13.84825,52.481882,53,"traffic","suburban",0,0.360759493670886,0.10126582278481,0,0,0,0,0,0.167721518987342,0.370253164556962,"12064428",217.982631174018,3629.12528285918,1182.3363955776,0,0,"12"
"DEBE010",27.87170178,2015,"EPSG:4979",13.349326,52.543041,35,"background","urban",0,0.525477707006369,0.318471337579618,0,0.0605095541401274,0,0,0.0955414012738854,0,0,"11000000",3938.30675836084,0,0,0,1613.30530761197,"11"
"DEBE018",25.77139214,2015,"EPSG:4979",13.348775,52.485814,40,"background","urban",0,0.889240506329114,0.0759493670886076,0,0,0,0,0.0348101265822785,0,0,"11000000",3938.30675836084,1990.68047168239,0,306.104771220195,0,"11"
"DEBE027",13.73528497,2015,"EPSG:4979",13.368103,52.398406,45,"background","rural-nearcity",0,0.0769230769230769,0.233974358974359,0,0,0,0,0.230769230769231,0.445512820512821,0.0128205128205128,"11000000",3938.30675836084,0,0,0,0,"11"
"DEBE032",13.18640206,2015,"EPSG:4979",13.225144,52.473192,50,"background","rural-nearcity",0,0,0,0.0316455696202532,0,0,0,0,0,0.968354430379747,"11000000",3938.30675836084,0,0,1390.76462229881,0,"11"
"DEBE034",26.78200439,2015,"EPSG:4979",13.430844,52.489451,35,"background","urban",0,0.922829581993569,0,0,0,0,0,0.0771704180064309,0,0,"11000000",3938.30675836084,0,0,0,0,"11"
"DEBE051",14.02440009,2015,"EPSG:4979",13.489531,52.643525,60,"background","suburban",0,0.272151898734177,0.177215189873418,0,0,0,0,0.0632911392405063,0.0632911392405063,0.424050632911392,"11000000",3938.30675836084,0,0,0,0,"11"
"DEBE056",12.84684572,2015,"EPSG:4979",13.64705,52.447697,35,"background","rural-nearcity",0,0.116129032258065,0.2,0,0,0,0,0,0,0.190322580645161,"11000000",3938.30675836084,0,0,0,0,"11"
"DEBE061",47.57764577,2015,"EPSG:4979",13.31825,52.463611,45,"traffic","urban",0,1,0,0,0,0,0,0,0,0,"11000000",3938.30675836084,160.548187410472,0,1508.64911755139,0,"11"
"DEBE062",12.51145178,2015,"EPSG:4979",13.296081,52.653269,50,"background","rural-nearcity",0,0.138263665594855,0,0,0,0,0,0.0128617363344051,0.00643086816720257,0.829581993569132,"11000000",3938.30675836084,1984.50010101051,0,0,0,"11"
"DEBE063",51.61890187,2015,"EPSG:4979",13.441654,52.467534,40,"traffic","urban",0,0.636942675159236,0.289808917197452,0,0,0,0,0.0732484076433121,0,0,"11000000",3938.30675836084,0,0,1876.32952392486,0,"11"
"DEBE064",51.52625204,2015,"EPSG:4979",13.433967,52.481709,40,"traffic","urban",0,0.920886075949367,0,0,0,0,0,0.0791139240506329,0,0,"11000000",3938.30675836084,0,0,0,0,"11"
"DEBE065",41.16649047,2015,"EPSG:4979",13.469931,52.514072,40,"traffic","urban",0.15506329113924,0.756329113924051,0.0886075949367089,0,0,0,0,0,0,0,"11000000",3938.30675836084,1977.18241523966,0,0,0,"11"
"DEBE066",19.89824613,2015,"EPSG:4979",13.529504,52.485296,35,"background","urban",0,0.726984126984127,0.161904761904762,0,0,0,0,0.111111111111111,0,0,"11000000",3938.30675836084,0,0,0,0,"11"
"DEBE067",52.97323661,2015,"EPSG:4979",13.332972,52.5066,35,"traffic","urban",0.135048231511254,0.479099678456592,0.19935691318328,0,0,0,0,0.186495176848875,0,0,"11000000",3938.30675836084,1471.73853059639,0,0,0,"11"
"DEBE068",27.45255021,2015,"EPSG:4979",13.418833,52.513606,35,"background","urban",0.20253164556962,0.674050632911392,0.0981012658227848,0.0158227848101266,0,0,0,0,0,0,"11000000",3938.30675836084,2501.89884482371,0,0,0,"11"
"DEBE069",48.9145468,2015,"EPSG:4979",13.38772,52.438115,50,"traffic","urban",0,0.640378548895899,0.16403785488959,0,0,0,0,0.195583596214511,0,0,"11000000",3938.30675836084,3223.40513045161,0,0,0,"11"
"DEBW004",24.45101921,2015,"EPSG:4979",8.40666,49.07655,109,"background","rural-nearcity",0,0.199367088607595,0,0,0,0,0,0,0.357594936708861,0.443037974683544,"08215102",611.704891907028,2004.19280171933,0,0,0,"08"
"DEBW005",28.27312104,2015,"EPSG:4979",8.465281,49.544078,94,"industrial","suburban",0,0.515822784810127,0.205696202531646,0,0,0,0,0,0.278481012658228,0,"08222000",2107.34437672154,1867.33918958647,0,0,0,"08"
"DEBW009",26.60805306,2015,"EPSG:4979",8.6767,49.419528,112,"background","urban",0.0221518987341772,0.515822784810127,0.316455696202532,0,0,0,0,0,0.120253164556962,0,"08221000",1429.81214877237,1216.2719099811,0,0,0,"08"
"DEBW010",19.76293103,2015,"EPSG:4979",8.700103,49.300731,162,"background","suburban",0,0.471153846153846,0.21474358974359,0,0,0,0,0,0.147435897435897,0.166666666666667,"08226098",866.159979142137,0,0,0,0,"08"
"DEBW013",32.31217978,2015,"EPSG:4979",9.229745,48.8088,235,"background","urban",0.205128205128205,0.673076923076923,0.0448717948717949,0,0,0,0,0.0641025641025641,0.0128205128205128,0,"08111000",2973.2590620189,0,0,0,0,"08"
"DEBW015",30.42363615,2015,"EPSG:4979",9.224786,49.165508,157,"background","suburban",0,0.0737179487179487,0.503205128205128,0,0.00320512820512821,0,0,0,0.403846153846154,0.016025641025641,"08121000",1218.14592672155,2001.94258194586,0,0,0,"08"
"DEBW019",28.88872075,2015,"EPSG:4979",9.979031,48.396836,481,"background","urban",0.125,0.362179487179487,0.33974358974359,0.144230769230769,0,0,0,0.0288461538461538,0,0,"08421000",1027.43577351513,4307.93129645905,0,0,0,"08"
"DEBW022",26.30155029,2015,"EPSG:4979",7.802317,48.578178,136,"industrial","suburban",0,0.10410094637224,0.315457413249211,0.056782334384858,0.217665615141956,0,0,0.100946372239748,0,0,"08317057",465.978814070506,1071.09852581018,0,0,0,"08"
"DEBW023",17.99277641,2015,"EPSG:4979",7.633271,47.588152,275,"background","suburban",0,0.441269841269841,0,0,0,0,0,0.0507936507936508,0.288888888888889,0.219047619047619,"08336091",1542.99134310288,1642.69096386727,0,0,0,"08"
"DEBW024",27.45700302,2015,"EPSG:4979",9.172792,48.899233,302,"background","suburban",0.0906148867313916,0.543689320388349,0.216828478964401,0,0,0,0,0,0.142394822006472,0.00647249190938511,"08118048",2146.78007195233,1087.22123731528,327.594584421203,0,0,"08"
"DEBW027",26.65798774,2015,"EPSG:4979",9.20732,48.488887,385,"background","urban",0.188679245283019,0.707547169811321,0.10377358490566,0,0,0,0,0,0,0,"08415061",1326.60517603326,2920.55022568032,1214.52316585638,0,0,"08"
"DEBW029",23.24810716,2015,"EPSG:4979",10.096292,48.847917,424,"background","suburban",0.126582278481013,0.338607594936709,0.262658227848101,0,0,0,0,0,0.253164556962025,0.0189873417721519,"08136088",457.071617809351,0,2042.38192336774,0,0,"08"
"DEBW031",4.23161335,2015,"EPSG:4979",7.764528,47.809892,904,"background","rural-regional",0,0,0,0,0,0,0,0,0.00946372239747634,0.990536277602524,"08315111",116.775942271351,0,0,0,0,"08"
"DEBW033",26.55009319,2015,"EPSG:4979",8.665536,48.889039,278,"background","urban",0,0.507987220447284,0.198083067092652,0,0,0,0,0.281150159744409,0.012779552715655,0,"08231000",1243.03672553249,2033.44510450885,0,0,0,"08"
"DEBW038",26.24145573,2015,"EPSG:4979",9.485675,47.660056,404,"background","urban",0.0288461538461538,0.605769230769231,0.278846153846154,0,0,0.00641025641025641,0,0.0769230769230769,0,0,"08435016",843.053519954864,3965.84529540734,0,0,0,"08"
"DEBW039",15.15470643,2015,"EPSG:4979",8.463597,48.048656,700,"background","suburban",0.0318471337579618,0.251592356687898,0.347133757961783,0,0,0,0,0,0.308917197452229,0.0605095541401274,"08326074",513.042706311552,1021.37807197733,699.56721622714,0,0,"08"
"DEBW042",31.43543123,2015,"EPSG:4979",9.227769,48.678069,370,"background","suburban",0,0.49211356466877,0,0,0,0,0,0,0.50788643533123,0,"08116077",1182.00851819596,1943.57241802595,0,0,0,"08"
"DEBW046",18.02873429,2015,"EPSG:4979",9.800325,48.089886,534,"background","suburban",0,0.466666666666667,0.292063492063492,0,0,0,0,0.136507936507936,0.0603174603174603,0.0444444444444444,"08426021",445.208129993285,3720.12366974573,0,0,0,"08"
"DEBW052",23.07802492,2015,"EPSG:4979",9.169289,47.664361,403,"background","urban",0.107936507936508,0.473015873015873,0.13968253968254,0,0,0,0,0,0.114285714285714,0,"08335043",1533.48045660339,2535.34684096256,0,0,2551.17975073943,"08"
"DEBW056",19.63400436,2015,"EPSG:4979",9.733231,49.107878,306,"background","suburban",0.0993589743589744,0.653846153846154,0.118589743589744,0,0,0,0,0,0.092948717948718,0.0352564102564103,"08127076",370.688083113382,1434.77495491433,1020.98846191688,0,0,"08"
"DEBW059",14.17186587,2015,"EPSG:4979",9.657919,49.634841,177,"background","suburban",0,0.121794871794872,0.259615384615385,0,0,0,0,0,0.602564102564103,0.016025641025641,"08128115",190.223077751164,0,1815.46970847812,0,0,"08"
"DEBW073",19.96183827,2015,"EPSG:4979",7.567969,47.819019,223,"background","suburban",0,0.582802547770701,0.0222929936305732,0,0,0,0,0,0.340764331210191,0.054140127388535,"08315076",274.681607706826,2130.60340920346,0,1199.17703954108,0,"08"
"DEBW076",16.19792395,2015,"EPSG:4979",8.220214,48.773072,148,"background","suburban",0,0.5,0,0,0,0,0,0,0,0.5,"08211000",386.173524029629,2012.90636150697,0,0,0,"08"
"DEBW080",44.57362792,2015,"EPSG:4979",8.38719,49.00796,119,"traffic","urban",0.157728706624606,0.615141955835962,0.195583596214511,0,0,0,0,0.0315457413249211,0,0,"08212000",1768.68156597959,1920.63037826034,0,0,0,"08"
"DEBW081",24.38074194,2015,"EPSG:4979",8.355628,49.028594,114,"background","urban",0,0.562300319488818,0.389776357827476,0,0,0,0,0,0.0447284345047923,0,"08212000",1768.68156597959,1937.6245783903,0,0,0,"08"
"DEBW084",19.46076833,2015,"EPSG:4979",7.832122,48.001511,262,"background","urban",0.0253164556962025,0.585443037974684,0.306962025316456,0,0,0,0,0.0822784810126582,0,0,"08311000",1467.02520063862,2694.32043085513,0,0,1977.9431242796,"08"
"DEBW087",7.57137711,2015,"EPSG:4979",9.207639,48.345778,798,"background","rural-regional",0,0.0571428571428571,0,0,0,0,0,0,0.942857142857143,0,"08415091",115.497525681539,0,0,0,0,"08"
"DEBW098",46.97043928,2015,"EPSG:4979",8.47204,49.49256,101,"traffic","urban",0.572784810126582,0.189873417721519,0.0537974683544304,0,0.0506329113924051,0,0,0.0158227848101266,0.0822784810126582,0,"08222000",2107.34437672154,2216.62957022382,0,0,0,"08"
"DEBW099",61.70848407,2015,"EPSG:4979",9.18072,48.78313,244,"traffic","urban",0.431309904153355,0.268370607028754,0.0830670926517572,0.00958466453674121,0,0,0.108626198083067,0.0990415335463259,0,0,"08111000",2973.2590620189,4571.09986068614,0,0,0,"08"
"DEBW107",21.90152485,2015,"EPSG:4979",9.051178,48.507703,325,"background","suburban",0,0.458333333333333,0.0833333333333333,0.092948717948718,0,0,0,0.121794871794872,0.240384615384615,0.00320512820512821,"08416041",810.576553307515,3514.82353734718,0,0,0,"08"
"DEBW112",14.88304093,2015,"EPSG:4979",8.904442,48.645608,466,"background","suburban",0,0.439102564102564,0.121794871794872,0,0,0,0,0,0.439102564102564,0,"08115015",606.761608103267,0,0,0,253.893250474087,"08"
"DEBW116",76.79031692,2015,"EPSG:4979",9.18449,48.76871,302,"traffic","urban",0.337579617834395,0.522292993630573,0,0,0,0,0,0.00318471337579618,0,0.136942675159236,"08111000",2973.2590620189,4206.68684630651,0,0,0,"08"
"DEBW117",58.00629453,2015,"EPSG:4979",9.19003,48.8892,299,"traffic","urban",0.107255520504732,0.299684542586751,0.44794952681388,0.0157728706624606,0,0,0,0.0788643533123028,0.0504731861198738,0,"08118048",2146.78007195233,1873.56843076809,3033.31120112927,0,0,"08"
"DEBW118",87.23371022,2015,"EPSG:4979",9.19101,48.7881,239,"traffic","urban",0.25796178343949,0.32484076433121,0.0732484076433121,0.0477707006369427,0,0,0.10828025477707,0.187898089171975,0,0,"08111000",2973.2590620189,3240.08382696581,0,0,0,"08"
"DEBW120",47.19687972,2015,"EPSG:4979",9.01652,48.80102,387,"traffic","urban",0,0.828571428571429,0.019047619047619,0,0,0,0,0,0.142857142857143,0.00952380952380952,"08115028",965.278987323479,2315.43578191008,0,0,0,"08"
"DEBW122",55.70656416,2015,"EPSG:4979",7.85992,47.9882,289,"traffic","urban",0.0476190476190476,0.622222222222222,0,0,0,0,0,0,0,0.33015873015873,"08311000",1467.02520063862,3087.72292398185,485.025183302168,0,0,"08"
"DEBW125",40.35932045,2015,"EPSG:4979",8.52628,49.00371,135,"traffic","suburban",0,0.574193548387097,0,0,0,0,0,0,0.3,0.125806451612903,"08215101",579.608109561771,2987.57197140576,0,0,0,"08"
"DEBW147",69.73734177,2015,"EPSG:4979",9.21079,48.48933,382,"traffic","urban",0.210191082802548,0.681528662420382,0.10828025477707,0,0,0,0,0,0,0,"08415061",1326.60517603326,3045.73313449788,998.464189277639,0,0,"08"
"DEBW152",63.607577,2015,"EPSG:4979",9.22589,49.146,165,"traffic","urban",0.357827476038339,0.498402555910543,0.143769968051118,0,0,0,0,0,0,0,"08121000",1218.14592672155,4070.73642033199,0,0,0,"08"
"DEBW156",43.85041293,2015,"EPSG:4979",8.39062,48.22915,458,"traffic","urban",0,0.431746031746032,0,0,0,0,0,0,0.0571428571428571,0.511111111111111,"08325053",259.406154272165,2858.89104093266,2067.2826107171,0,0,"08"
"DEBY001",33.0879386,2015,"EPSG:4979",10.572297,49.304889,400,"traffic","urban",0.174050632911392,0.594936708860759,0.161392405063291,0,0,0,0,0.0158227848101266,0.0537974683544304,0,"09561000",412.102262785009,2344.70071504241,490.360773117781,0,0,"09"
"DEBY004",16.70029583,2015,"EPSG:4979",9.171544,49.869422,124,"background","rural-nearcity",0,0.376996805111821,0.012779552715655,0,0,0,0,0,0.472843450479233,0.0830670926517572,"09676133",370.614978026202,0,1957.34881291261,0,0,"09"
"DEBY005",30.44469264,2015,"EPSG:4979",9.117973,49.991518,134,"background","suburban",0,0.282958199356913,0.109324758842444,0,0,0,0,0,0.488745980707395,0.118971061093248,"09661000",1113.1751416716,0,0,1922.2339616854,0,"09"
"DEBY006",30.16492448,2015,"EPSG:4979",10.895029,48.364589,492,"traffic","urban",0.466237942122186,0.29903536977492,0.0836012861736334,0.128617363344051,0,0,0,0.022508038585209,0,0,"09761000",1954.53940474502,0,0,0,1842.3530197211,"09"
"DEBY007",27.50088601,2015,"EPSG:4979",10.88837,48.376576,477,"background","urban",0.129337539432177,0.615141955835962,0.217665615141956,0.028391167192429,0,0,0,0.00946372239747634,0,0,"09761000",1954.53940474502,0,0,0,787.353406099278,"09"
"DEBY009",22.77328989,2015,"EPSG:4979",10.887686,49.89833,231,"background","urban",0.0883280757097792,0.779179810725552,0.113564668769716,0,0,0,0,0.0189274447949527,0,0,"09461000",1334.22571512533,0,653.861492645812,0,1971.85156857177,"09"
"DEBY012",23.03092507,2015,"EPSG:4979",12.829314,48.177175,420,"background","suburban",0,0.440514469453376,0.180064308681672,0,0,0,0,0.112540192926045,0.154340836012862,0.112540192926045,"09171112",923.920534521472,2042.27353108703,0,0,0,"09"
"DEBY013",14.16540045,2015,"EPSG:4979",12.781387,48.182835,415,"background","rural-regional",0,0.0474683544303797,0,0,0,0,0,0,0.901898734177215,0.0506329113924051,"09171124",102.264713359808,0,1242.76505055299,0,0,"09"
"DEBY020",16.49394268,2015,"EPSG:4979",11.897492,50.320611,525,"background","suburban",0,0.674050632911392,0.193037974683544,0,0,0,0,0,0.132911392405063,0,"09464000",766.357845118212,2459.3343020533,0,0,0,"09"
"DEBY021",27.3586569,2015,"EPSG:4979",11.428766,48.769444,374,"traffic","urban",0.136942675159236,0.343949044585987,0.375796178343949,0,0,0,0,0.111464968152866,0,0,"09161000",990.98513039232,2938.35167234493,0,0,0,"09"
"DEBY028",23.26944387,2015,"EPSG:4979",11.879245,48.909518,348,"traffic","urban",0,0.452830188679245,0.0911949685534591,0,0,0,0,0,0.154088050314465,0.229559748427673,"09273137",210.466489747179,0,2984.56757218878,0,0,"09"
"DEBY030",20.30584002,2015,"EPSG:4979",11.948795,48.904228,340,"background","suburban",0,0.24203821656051,0,0,0,0,0,0,0.503184713375796,0.203821656050955,"09273166",122.762403466993,2027.3635501345,0,0,0,"09"
"DEBY031",21.74234548,2015,"EPSG:4979",10.306561,47.72514,678,"background","suburban",0.26517571884984,0.699680511182109,0,0,0,0,0,0,0,0.0351437699680511,"09763000",1059.07561122821,1412.63009487446,0,0,1099.75468027919,"09"
"DEBY032",19.09215011,2015,"EPSG:4979",11.442591,50.103135,303,"background","urban",0,0.515923566878981,0.452229299363057,0,0,0,0,0,0.0318471337579618,0,"09477128",279.250048081638,3187.1231716805,0,0,0,"09"
"DEBY033",28.89088426,2015,"EPSG:4979",12.157051,48.539801,390,"traffic","urban",0.0946372239747634,0.643533123028391,0.123028391167192,0,0,0,0,0.107255520504732,0.028391167192429,0.00315457413249211,"09261000",1044.81129106427,762.321292580114,0,0,0,"09"
"DEBY035",24.48643486,2015,"EPSG:4979",9.688869,47.557473,411,"traffic","urban",0.00958466453674121,0.645367412140575,0.0351437699680511,0,0,0,0,0.00319488817891374,0.172523961661342,0,"09776116",760.165333907045,0,2069.90645616153,0,805.977172597137,"09"
"DEBY037",63.55206006,2015,"EPSG:4979",11.564924,48.137252,521,"traffic","urban",0.781350482315113,0.115755627009646,0.045016077170418,0.0578778135048231,0,0,0,0,0,0,"09162000",4653.18400362357,0,0,0,2692.42207920862,"09"
"DEBY039",33.18022309,2015,"EPSG:4979",11.554669,48.154534,521,"background","urban",0.221864951768489,0.52411575562701,0.241157556270096,0,0,0,0,0.0128617363344051,0,0,"09162000",4653.18400362357,0,0,0,0,"09"
"DEBY049",11.35445459,2015,"EPSG:4979",11.777818,48.853211,359,"background","rural-regional",0,0,0,0,0,0,0,0,0.905362776025237,0.0410094637223975,"09273152",146.246791371896,0,2068.13880963344,0,0,"09"
"DEBY052",27.97647596,2015,"EPSG:4979",10.008293,48.397079,470,"background","urban",0.166666666666667,0.518867924528302,0.210691823899371,0,0,0,0,0.10062893081761,0,0.00314465408805031,"09775135",707.883253443396,0,2035.91516418386,0,0,"09"
"DEBY053",36.32819479,2015,"EPSG:4979",11.088444,49.44591,307,"traffic","urban",0.385852090032154,0.353697749196141,0.00964630225080386,0.176848874598071,0,0,0,0.067524115755627,0,0,"09564000",2716.11083339898,0,0,0,2038.93572883485,"09"
"DEBY058",29.31521033,2015,"EPSG:4979",11.0248,49.462229,300,"background","urban",0,0.295238095238095,0.625396825396825,0,0,0,0,0.0793650793650794,0,0,"09564000",2716.11083339898,1977.0553225426,0,678.421276657972,0,"09"
"DEBY063",40.78866215,2015,"EPSG:4979",12.101557,49.015245,337,"traffic","urban",0.187898089171975,0.547770700636943,0.10828025477707,0.054140127388535,0,0,0,0.0445859872611465,0,0,"09362000",1827.45814386493,1258.4201550846,0,0,1662.41277539278,"09"
"DEBY067",21.98460473,2015,"EPSG:4979",12.128139,49.321955,380,"background","suburban",0.00641025641025641,0.442307692307692,0.0705128205128205,0,0,0,0,0,0.182692307692308,0.298076923076923,"09376161",229.182675121539,0,0,0,0,"09"
"DEBY068",25.3730539,2015,"EPSG:4979",10.232076,50.048397,231,"background","urban",0.227848101265823,0.623417721518987,0.0537974683544304,0,0,0,0,0,0.0949367088607595,0,"09662000",1464.84956889183,3608.89937592562,780.629030253809,0,0,"09"
"DEBY072",6.14316026,2015,"EPSG:4979",12.548869,49.438464,755,"background","rural-regional",0,0,0,0,0,0,0,0,0.380191693290735,0.619808306709265,"09372163",42.9911944728497,0,0,0,0,"09"
"DEBY075",24.73979678,2015,"EPSG:4979",12.159361,49.67895,400,"background","urban",0.10223642172524,0.613418530351438,0.178913738019169,0,0,0,0,0,0.105431309904153,0,"09363000",594.882579396846,0,2027.17221720466,0,0,"09"
"DEBY088",18.54211626,2015,"EPSG:4979",12.538174,48.021657,488,"background","suburban",0,0.330188679245283,0.0408805031446541,0,0,0,0,0.0723270440251572,0.421383647798742,0.135220125786164,"09189157",213.528345760245,2282.03213332503,610.194353327082,0,0,"09"
"DEBY089",22.50312578,2015,"EPSG:4979",11.648036,48.173194,513,"background","suburban",0,0.348101265822785,0.132911392405063,0,0,0,0,0.0316455696202532,0.487341772151899,0,"09162000",4653.18400362357,0,0,0,0,"09"
"DEBY099",19.15187828,2015,"EPSG:4979",10.903051,48.326013,495,"background","suburban",0,0.39873417721519,0.414556962025316,0.00632911392405063,0,0,0,0,0.060126582278481,0.120253164556962,"09761000",1954.53940474502,0,0,0,0,"09"
"DEBY109",7.44084312,2015,"EPSG:4979",11.220172,47.968753,700,"background","rural-regional",0,0,0,0,0,0,0,0,0.297124600638978,0.702875399361022,"09188117",86.9552995551724,0,0,0,0,"09"
"DEBY110",49.01676678,2015,"EPSG:4979",10.896221,48.370237,485,"traffic","urban",0.332278481012658,0.54746835443038,0.0854430379746835,0.0348101265822785,0,0,0,0,0,0,"09761000",1954.53940474502,0,0,0,2062.6800973249,"09"
"DEBY111",31.26366633,2015,"EPSG:4979",11.570088,49.943637,337,"traffic","urban",0.137380191693291,0.619808306709265,0.23961661341853,0,0,0,0,0.00319488817891374,0,0,"09462000",1076.04217073729,3447.66199843185,0,0,0,"09"
"DEBY113",17.68063058,2015,"EPSG:4979",10.963528,49.605914,284,"background","suburban",0,0.309904153354633,0,0,0,0,0,0,0.172523961661342,0.488817891373802,"09562000",1388.23596730622,0,0,0,0,"09"
"DEBY115",83.6029184,2015,"EPSG:4979",11.536513,48.149606,521,"traffic","urban",0,0.765822784810127,0.151898734177215,0.0822784810126582,0,0,0,0,0,0,"09162000",4653.18400362357,1988.50905206482,0,0,0,"09"
"DEBY118",32.4913669,2015,"EPSG:4979",13.422039,48.573629,300,"background","urban",0,0.292063492063492,0.244444444444444,0.0571428571428571,0,0,0,0.0571428571428571,0.158730158730159,0.0761904761904762,"09262000",718.091746229435,3838.52345092077,0,0,0,"09"
"DEBY119",41.80828137,2015,"EPSG:4979",9.947654,49.790526,198,"traffic","urban",0.0349206349206349,0.66984126984127,0.136507936507936,0.0126984126984127,0,0,0,0.146031746031746,0,0,"09663000",1422.46042653041,2530.3831087009,0,0,0,"09"
"DEBY120",48.05946659,2015,"EPSG:4979",11.036096,49.440478,308,"traffic","urban",0,0.592948717948718,0.294871794871795,0,0,0,0,0.112179487179487,0,0,"09564000",2716.11083339898,1999.52010533632,986.430868450344,0,0,"09"
"DEBY121",44.37801167,2015,"EPSG:4979",12.188324,47.648459,469,"traffic","rural-nearcity",0,0.111111111111111,0,0,0,0,0,0,0.688888888888889,0.123809523809524,"09187157",84.8690681064981,0,0,1978.45676394421,0,"09"
"DEBY122",5.59196595,2015,"EPSG:4979",10.404232,47.518013,1169,"background","rural-regional",0,0.0888888888888889,0,0,0,0,0,0,0.441269841269841,0.26984126984127,"09780123",36.6417304764311,2875.40719482234,0,0,0,"09"
"DEBY123",15.96365393,2015,"EPSG:4979",11.062283,47.483194,720,"background","rural-nearcity",0,0.214511041009464,0.205047318611987,0,0,0,0,0,0.258675078864353,0.321766561514196,"09180117",130.093666413989,2071.36457349807,0,0,0,"09"
"DEBY124",12.31749971,2015,"EPSG:4979",10.325,49.44406,362,"background","rural-regional",0,0.332268370607029,0,0,0,0,0,0,0.559105431309904,0.108626198083067,"09575115",73.7492308175367,0,0,0,0,"09"
"DEBY187",17.83218503,2015,"EPSG:4979",10.59772,48.95218,417,"background","suburban",0,0.493670886075949,0.0411392405063291,0,0,0,0,0,0.465189873417722,0,"09779197",150.663175005823,1973.32361556689,429.069865923217,0,0,"09"
"DEBY188",25.66942338,2015,"EPSG:4979",11.02792,49.32273,344,"background","urban",0,0.69551282051282,0.16025641025641,0,0,0,0,0,0.0576923076923077,0.0865384615384615,"09565000",992.531824412623,3191.1792896939,0,842.230939910791,0,"09"
"DEBY189",25.86124856,2015,"EPSG:4979",11.46445,48.18169,510,"background","suburban",0,0.7491961414791,0.0932475884244373,0,0,0,0,0.0803858520900322,0.0771704180064309,0,"09162000",4653.18400362357,0,0,0,0,"09"
"DEHB001",22.84807634,2015,"EPSG:4979",8.81578,53.077151,10,"background","urban",0.173501577287066,0.605678233438486,0.00630914826498423,0.107255520504732,0,0,0,0.0347003154574132,0,0,"04011000",1713.53685320549,0,0,0,1446.29410808618,"04"
"DEHB002",21.21261899,2015,"EPSG:4979",8.916966,53.060045,7,"background","urban",0,0.414012738853503,0.302547770700637,0,0,0,0,0.197452229299363,0.0859872611464968,0,"04011000",1713.53685320549,0,0,0,0,"04"
"DEHB004",19.52051449,2015,"EPSG:4979",8.625456,53.180946,20,"background","urban",0,0.974603174603175,0,0,0,0,0,0,0.0253968253968254,0,"04011000",1713.53685320549,0,0,1957.74123174825,0,"04"
"DEHB005",21.65266429,2015,"EPSG:4979",8.569405,53.562455,3,"background","urban",0,0.29746835443038,0.373417721518987,0,0.0284810126582278,0,0,0.136075949367089,0,0,"04012000",1478.34284432772,0,0,0,0,"04"
"DEHB006",47.12242243,2015,"EPSG:4979",8.825173,53.078663,7,"traffic","urban",0.00638977635782748,0.865814696485623,0,0.0702875399361022,0,0,0,0.0575079872204473,0,0,"04011000",1713.53685320549,0,0,0,2114.0738402519,"04"
"DEHB011",41.96707147,2015,"EPSG:4979",8.59876,53.585262,4,"traffic","urban",0,0.876582278481013,0.0253164556962025,0,0,0,0,0.0791139240506329,0,0.0189873417721519,"04012000",1478.34284432772,0,0,0,3168.37314845127,"04"
"DEHB012",22.27755815,2015,"EPSG:4979",8.735047,53.124561,8,"background","urban",0,0.304761904761905,0,0.114285714285714,0.393650793650794,0,0,0,0,0,"04011000",1713.53685320549,0,0,0,0,"04"
"DEHB013",15.09997593,2015,"EPSG:4979",8.69506,53.1177,4,"industrial","rural-regional",0,0.0868167202572347,0.212218649517685,0,0.0578778135048231,0,0,0.0868167202572347,0.331189710610932,0,"04011000",1713.53685320549,0,0,0,0,"04"
"DEHE001",25.26970356,2015,"EPSG:4979",8.664619,49.872303,158,"background","urban",0.0444444444444444,0.780952380952381,0.0698412698412698,0,0,0,0,0.104761904761905,0,0,"06411000",1262.22166195007,3465.51124933197,1961.40750208558,0,0,"06"
"DEHE005",36.12854251,2015,"EPSG:4979",8.542517,50.10175,103,"background","urban",0,0.568690095846645,0.258785942492013,0.060702875399361,0,0,0,0,0.0638977635782748,0,"06412000",2951.63635181118,0,0,0,0,"06"
"DEHE008",34.25607048,2015,"EPSG:4979",8.746343,50.125332,100,"background","urban",0,0.115755627009646,0.745980707395498,0.0578778135048231,0,0,0,0.0739549839228296,0,0,"06412000",2951.63635181118,1979.92363433709,1595.96110054353,0,0,"06"
"DEHE011",24.18263123,2015,"EPSG:4979",8.92157,50.13577,108,"background","urban",0.0981012658227848,0.674050632911392,0.14873417721519,0,0,0,0,0.0791139240506329,0,0,"06435014",1201.9636479599,1927.5747873969,1555.09609482312,0,0,"06"
"DEHE013",22.34249978,2015,"EPSG:4979",9.483397,51.314248,181,"background","urban",0.20253164556962,0.610759493670886,0.0632911392405063,0.0791139240506329,0,0,0,0.0443037974683544,0,0,"06611000",1894.93655137753,1163.85009045092,0,0,0,"06"
"DEHE018",29.1195748,2015,"EPSG:4979",8.451527,50.010325,90,"background","urban",0,0.674050632911392,0.10126582278481,0,0,0,0,0.0854430379746835,0.0506329113924051,0.0158227848101266,"06433010",1250.26343452457,1704.14358604809,0,0,0,"06"
"DEHE020",28.98636329,2015,"EPSG:4979",8.500619,50.567185,152,"traffic","urban",0.0603174603174603,0.368253968253968,0.466666666666667,0,0,0,0,0,0.0761904761904762,0.0285714285714286,"06532023",678.815023644927,1749.14271666781,0,0,0,"06"
"DEHE022",28.61631541,2015,"EPSG:4979",8.244949,50.050343,121,"background","urban",0,0.598726114649682,0.124203821656051,0.0573248407643312,0,0,0,0.207006369426752,0,0.0127388535031847,"06414000",1355.02583055764,791.493377147716,0,2019.19258820106,0,"06"
"DEHE024",6.78109259,2015,"EPSG:4979",9.774588,51.291757,610,"background","rural",0,0,0,0,0,0,0,0,0,0.996845425867508,"06636200",0,0,0,0,0,"06"
"DEHE026",7.97372826,2015,"EPSG:4979",9.399441,50.16443,502,"background","rural-regional",0,0.0189873417721519,0,0,0,0,0,0.00949367088607595,0.477848101265823,0.493670886075949,"06435016",67.7356200528874,0,2495.03961542411,0,0,"06"
"DEHE028",9.57384009,2015,"EPSG:4979",8.817251,49.653465,484,"background","rural",0,0,0,0,0,0,0,0,0.159744408945687,0.840255591054313,"06431007",274.632755090408,0,0,0,0,"06"
"DEHE030",24.53127056,2015,"EPSG:4979",8.769324,50.804258,182,"background","urban",0.0859872611464968,0.780254777070064,0,0,0,0,0,0.121019108280255,0.00955414012738853,0.00318471337579618,"06534014",593.783443087616,2017.68180126091,2687.69635814079,0,0,"06"
"DEHE032",15.33499409,2015,"EPSG:4979",9.80026,50.970024,204,"background","urban",0,0.652866242038217,0.0636942675159236,0.0923566878980892,0,0,0,0,0.191082802547771,0,"06632003",148.223073783826,0,0,0,2569.51134571612,"06"
"DEHE037",52.82847841,2015,"EPSG:4979",8.230316,50.077191,145,"traffic","urban",0.504731861198738,0.438485804416404,0.056782334384858,0,0,0,0,0,0,0,"06414000",1355.02583055764,2939.45951145832,0,0,0,"06"
"DEHE039",8.81724051,2015,"EPSG:4979",9.459402,50.770381,491,"background","rural",0,0,0,0,0,0,0,0,0.195512820512821,0.80448717948718,"06535001",124.349251743757,1610.44539245841,0,0,0,"06"
"DEHE040",60.53682841,2015,"EPSG:4979",8.653745,49.869457,158,"traffic","urban",0.10410094637224,0.823343848580442,0.0662460567823344,0,0,0,0,0.00630914826498423,0,0,"06411000",1262.22166195007,4652.33563760834,576.237964514506,0,0,"06"
"DEHE041",52.75117947,2015,"EPSG:4979",8.691911,50.124589,119,"traffic","urban",0.264331210191083,0.656050955414013,0.0222929936305732,0,0,0,0,0.0573248407643312,0,0,"06412000",2951.63635181118,2483.63944396868,0,0,0,"06"
"DEHE042",18.52167574,2015,"EPSG:4979",8.684397,50.532965,172,"background","rural",0,0.261829652996845,0,0,0,0,0,0,0.545741324921136,0.192429022082019,"06531012",546.771999596135,0,1880.70401149365,0,0,"06"
"DEHE043",20.14056413,2015,"EPSG:4979",8.516798,49.825165,87,"background","rural-nearcity",0,0.0128205128205128,0.00961538461538462,0,0,0,0,0,0.926282051282051,0,"06433011",312.270089818839,0,0,0,0,"06"
"DEHE044",24.77337032,2015,"EPSG:4979",8.060998,50.383217,128,"background","urban",0.133333333333333,0.507936507936508,0.168253968253968,0.114285714285714,0,0,0,0,0.0603174603174603,0,"06533009",755.438393404893,3487.03420344015,0,0,0,"06"
"DEHE045",17.46495917,2015,"EPSG:4979",9.001981,49.672507,209,"background","urban",0,0.639871382636656,0.279742765273312,0,0,0,0,0,0.0803858520900322,0,"06437011",192.001532380768,2977.1469270814,0,0,0,"06"
"DEHE046",9.43207072,2015,"EPSG:4979",8.928171,51.430897,343,"background","rural",0,0,0,0,0,0,0,0,1,0,"05958024",109.57255863366,0,0,0,0,"05"
"DEHE049",42.08982324,2015,"EPSG:4979",9.49112,51.312076,179,"traffic","urban",0.25,0.44620253164557,0.0126582278481013,0.0411392405063291,0,0,0,0.25,0,0,"06611000",1894.93655137753,1890.57384978333,0,0,0,"06"
"DEHE050",9.26819465,2015,"EPSG:4979",9.271233,51.360755,489,"background","rural",0,0,0,0,0,0,0,0,0.194888178913738,0.623003194888179,"06633029",75.6654923922033,0,0,1618.58472090976,0,"06"
"DEHE051",5.19923881,2015,"EPSG:4979",9.935862,50.497711,931,"background","rural",0,0,0,0,0,0.303225806451613,0,0,0.354838709677419,0.341935483870968,"06631010",61.5274363522403,0,619.888373032992,0,0,"06"
"DEHE052",7.70929542,2015,"EPSG:4979",8.446079,50.221941,811,"background","rural",0,0,0,0,0,0,0,0,0.0126182965299685,0.987381703470032,"06434003",201.755442811539,0,1209.36807435144,0,0,"06"
"DEHE058",24.28883351,2015,"EPSG:4979",9.682162,50.549297,272,"background","urban",0.227564102564103,0.355769230769231,0.387820512820513,0,0,0,0,0.0128205128205128,0.016025641025641,0,"06631009",648.721691818677,2722.35692270485,0,0,0,"06"
"DEHE059",41.45303509,2015,"EPSG:4979",9.684854,50.550028,277,"traffic","urban",0.227564102564103,0.442307692307692,0.330128205128205,0,0,0,0,0,0,0,"06631009",648.721691818677,2478.15606091228,0,0,0,"06"
"DEHE060",7.19996472,2015,"EPSG:4979",9.031754,51.154843,483,"background","rural-regional",0,0,0,0,0,0,0,0,0,0.891373801916933,"06635009",54.4078393613351,0,0,0,0,"06"
"DEHE061",44.96103875,2015,"EPSG:4979",8.668579,50.584108,162,"traffic","urban",0,0.665615141955836,0.173501577287066,0.0378548895899054,0,0,0,0.0914826498422713,0.0315457413249211,0,"06531005",1159.81875081115,0,2237.09057736223,0,0,"06"
"DEHE062",47.09727958,2015,"EPSG:4979",8.769396,50.807018,186,"traffic","urban",0.0987261146496815,0.767515923566879,0.0254777070063694,0,0,0,0,0.101910828025478,0,0.00636942675159236,"06534014",593.783443087616,1962.93652779152,1245.78463663999,0,0,"06"
"DEHE063",35.37399733,2015,"EPSG:4979",8.642,49.643238,110,"traffic","urban",0,0.661341853035144,0.0670926517571885,0,0,0,0,0,0.0223642172523962,0.201277955271566,"06431011",489.002129576205,4066.12624277676,0,0,0,"06"
"DEHE112",53.4806649,2015,"EPSG:4979",8.228865,50.072119,140,"traffic","urban",0.26031746031746,0.593650793650794,0.142857142857143,0.00317460317460317,0,0,0,0,0,0,"06414000",1355.02583055764,2965.42491665151,0,0,0,"06"
"DEHE116",40.1664824,2015,"EPSG:4979",8.784892,50.101494,108,"traffic","urban",0.012779552715655,0.501597444089457,0.297124600638978,0.0862619808306709,0,0,0,0.060702875399361,0,0.0415335463258786,"06413000",2728.45860349898,3097.1942290838,0,0,0,"06"
"DEHH008",26.8782785,2015,"EPSG:4979",9.967882,53.56414,15,"background","urban",0,0.663461538461538,0.211538461538462,0,0,0,0,0.125,0,0,"02000000",2418.23835438681,1135.2237493152,0,0,538.836542651391,"02"
"DEHH015",33.76372252,2015,"EPSG:4979",10.021227,53.523262,4,"industrial","urban",0,0.200636942675159,0.127388535031847,0.130573248407643,0.292993630573248,0,0,0.0445859872611465,0,0,"02000000",2418.23835438681,446.626750449404,0,2732.19196488641,0,"02"
"DEHH016",25.10973986,2015,"EPSG:4979",10.081685,53.52902,5,"industrial","urban",0,0,0.906752411575563,0.00643086816720257,0,0,0,0.0739549839228296,0,0,"02000000",2418.23835438681,0,0,0,0,"02"
"DEHH021",15.16101439,2015,"EPSG:4979",10.083646,53.487669,2,"background","suburban",0,0.167741935483871,0,0,0,0,0,0.374193548387097,0.264516129032258,0,"02000000",2418.23835438681,0,0,0,0,"02"
"DEHH026",49.3765394,2015,"EPSG:4979",9.957236,53.560632,20,"traffic","urban",0,0.846153846153846,0.118589743589744,0,0,0,0,0.0352564102564103,0,0,"02000000",2418.23835438681,2244.39642103167,0,0,0,"02"
"DEHH033",21.39557108,2015,"EPSG:4979",9.998009,53.638291,13,"background","urban",0,0.280757097791798,0,0,0,0.643533123028391,0,0.0757097791798107,0,0,"02000000",2418.23835438681,2790.11177625696,0,0,492.256091743562,"02"
"DEHH047",16.76258079,2015,"EPSG:4979",10.110595,53.63074,31,"background","suburban",0,0.914556962025316,0,0,0,0,0,0.0854430379746835,0,0,"02000000",2418.23835438681,0,0,0,0,"02"
"DEHH049",16.11579469,2015,"EPSG:4979",9.786234,53.568124,75,"background","suburban",0,0.296178343949045,0.101910828025478,0,0,0,0,0.423566878980892,0,0.133757961783439,"02000000",2418.23835438681,0,0,0,0,"02"
"DEHH050",13.46795642,2015,"EPSG:4979",9.857223,53.480927,3,"background","suburban",0,0.40952380952381,0,0,0,0,0,0.0380952380952381,0.552380952380952,0,"02000000",2418.23835438681,252.461549436068,0,0,0,"02"
"DEHH059",26.13682865,2015,"EPSG:4979",9.990569,53.50793,3,"background","urban",0,0.40952380952381,0.438095238095238,0.00317460317460317,0,0,0,0.149206349206349,0,0,"02000000",2418.23835438681,1490.62365393983,0,0,0,"02"
"DEHH064",48.17425555,2015,"EPSG:4979",9.94458,53.564399,16,"traffic","urban",0,0.680379746835443,0.189873417721519,0.126582278481013,0,0,0,0.00316455696202532,0,0,"02000000",2418.23835438681,3567.56252039355,0,0,0,"02"
"DEHH068",62.88000356,2015,"EPSG:4979",10.053859,53.592301,12,"traffic","urban",0,0.907936507936508,0,0,0,0,0,0.0920634920634921,0,0,"02000000",2418.23835438681,0,0,0,0,"02"
"DEHH070",61.88637332,2015,"EPSG:4979",9.943012,53.555668,25,"traffic","urban",0,0.810725552050473,0.0441640378548896,0.145110410094637,0,0,0,0,0,0,"02000000",2418.23835438681,1186.96053418651,0,0,0,"02"
"DEHH072",17.9989994,2015,"EPSG:4979",9.84408,53.535958,0,"industrial","urban",0,0.288461538461538,0,0,0,0.576923076923077,0,0,0.0897435897435897,0,"02000000",2418.23835438681,0,0,0,1917.93168647359,"02"
"DEHH073",16.57863538,2015,"EPSG:4979",9.832702,53.532075,5,"industrial","rural-nearcity",0,0.0854430379746835,0,0,0,0.598101265822785,0,0,0.208860759493671,0,"02000000",2418.23835438681,0,0,0,0,"02"
"DEHH074",31.12144221,2015,"EPSG:4979",10.102823,53.538531,18,"background","urban",0,0.55205047318612,0.44794952681388,0,0,0,0,0,0,0,"02000000",2418.23835438681,1980.36175262967,0,0,0,"02"
"DEHH079",31.12230262,2015,"EPSG:4979",9.944815,53.545269,25,"background","urban",0,0.579617834394904,0,0.00318471337579618,0.105095541401274,0,0,0,0,0,"02000000",2418.23835438681,0,0,0,0,"02"
"DEMV003",21.06958976,2015,"EPSG:4979",13.26644,53.559784,15,"traffic","urban",0,0.710191082802548,0.184713375796178,0,0,0,0,0.105095541401274,0,0,"13071107",740.182588994572,3999.63810748857,0,0,0,"13"
"DEMV004",5.46591224,2015,"EPSG:4979",12.064708,53.817775,17,"background","rural",0,0.10126582278481,0,0,0,0,0,0,0.889240506329114,0.00949367088607595,"13072042",27.0527858067666,0,0,0,0,"13"
"DEMV007",10.23862092,2015,"EPSG:4979",12.174105,54.161555,5,"background","suburban",0,0,0,0,0,0,0,0,0.882911392405063,0.104430379746835,"13003000",1217.46840085135,0,1948.01271859193,0,0,"13"
"DEMV012",7.44645161,2015,"EPSG:4979",14.257407,53.520456,17,"background","rural",0,0.0759493670886076,0,0,0,0,0,0,0.879746835443038,0.0443037974683544,"13075119",10.7720129932448,0,0,0,2351.33945517099,"13"
"DEMV017",6.99776729,2015,"EPSG:4979",11.362965,53.302352,25,"background","rural",0,0.105095541401274,0,0,0,0,0,0,0.722929936305732,0.171974522292994,"13076046",24.6256720456444,0,2017.00260194626,0,0,"13"
"DEMV019",9.43094882,2015,"EPSG:4979",12.175512,53.78175,17,"background","urban",0,0.555555555555556,0,0,0,0,0,0.20952380952381,0.234920634920635,0,"13072043",407.815793107352,0,0,0,0,"13"
"DEMV020",38.17941036,2015,"EPSG:4979",12.141994,54.092278,1,"traffic","urban",0.136075949367089,0.278481012658228,0.158227848101266,0,0,0,0,0,0.00632911392405063,0,"13003000",1217.46840085135,0,0,0,0,"13"
"DEMV021",13.25164039,2015,"EPSG:4979",12.080003,54.17133,2,"background","urban",0.0961538461538462,0.346153846153846,0,0,0.185897435897436,0,0,0.112179487179487,0.0865384615384615,0,"13003000",1217.46840085135,1989.74785055065,1290.18478544322,0,0,"13"
"DEMV022",30.60055318,2015,"EPSG:4979",12.099553,54.09262,9,"traffic","urban",0,0.662379421221865,0.228295819935691,0,0,0,0,0.0289389067524116,0,0,"13003000",1217.46840085135,0,0,0,0,"13"
"DEMV023",21.82788583,2015,"EPSG:4979",11.398332,53.631805,58,"traffic","urban",0,0.683544303797468,0.104430379746835,0,0,0,0,0.208860759493671,0,0,"13004000",743.717899261576,41.4461498813274,0,0,0,"13"
"DEMV024",6.18068194,2015,"EPSG:4979",12.463929,53.396348,116,"background","rural",0,0,0,0,0,0,0,0,0.817891373801917,0.0926517571884984,"13071088",17.6675733842791,0,0,0,0,"13"
"DEMV025",18.32474657,2015,"EPSG:4979",13.08101,54.31923,8,"traffic","urban",0.135048231511254,0.530546623794212,0,0,0,0,0,0.0128617363344051,0,0.0418006430868167,"13073088",1467.43348513988,0,2230.19236974795,0,0,"13"
"DEMV026",5.13186737,2015,"EPSG:4979",13.342138,54.323514,17,"background","rural",0,0.126984126984127,0,0,0,0,0,0,0.86031746031746,0.0126984126984127,"13073027",33.0878234130531,0,1813.69543077657,0,0,"13"
"DEMV027",14.38723226,2015,"EPSG:4979",13.779314,54.053175,6,"traffic","urban",0,0.455128205128205,0.032051282051282,0,0.0993589743589744,0,0,0,0.0737179487179487,0,"13075144",198.843672404013,2014.2779944265,827.255979188994,0,0,"13"
"DEMV031",18.67147083,2015,"EPSG:4979",12.09792,54.17729,2,"industrial","urban",0.0791139240506329,0.240506329113924,0.104430379746835,0,0.0221518987341772,0,0,0,0,0,"13003000",1217.46840085135,661.643206400505,0,0,0,"13"
"DENI011",15.29755041,2015,"EPSG:4979",10.47364,52.22694,98,"background","suburban",0,0.23961661341853,0,0,0,0,0,0,0.68370607028754,0.0766773162939297,"03101000",1306.65984510199,0,0,0,0,"03"
"DENI016",10.31574115,2015,"EPSG:4979",10.48132,51.90158,208,"background","suburban",0,0.474358974358974,0.173076923076923,0,0,0,0.0288461538461538,0,0.0833333333333333,0.217948717948718,"03153017",309.728683858959,2108.55913852605,0,0,0,"03"
"DENI020",20.1845588,2015,"EPSG:4979",10.81638,52.44081,66,"background","suburban",0,0.335463258785943,0,0,0,0,0,0.169329073482428,0.357827476038339,0.0543130990415335,"03103000",604.904553282475,1972.67158692107,0,0,0,"03"
"DENI028",11.95815865,2015,"EPSG:4979",10.23854,51.50758,185,"background","suburban",0,0.114649681528662,0.461783439490446,0,0,0,0,0,0.423566878980892,0,"03152007",220.265086954741,0,0,0,0,"03"
"DENI029",16.66998474,2015,"EPSG:4979",7.20726,53.36235,1,"background","suburban",0,0.544303797468354,0.268987341772152,0,0.104430379746835,0,0,0.00632911392405063,0,0,"03402000",455.885293861555,0,0,0,1274.88009082318,"03"
"DENI031",11.14621369,2015,"EPSG:4979",8.09059,53.59617,2,"background","rural",0,0.10126582278481,0.00949367088607595,0,0,0,0.0474683544303797,0,0.708860759493671,0,"03405000",706.741123871826,0,0,0,1975.63666101356,"03"
"DENI038",19.36842637,2015,"EPSG:4979",8.05286,52.25534,95,"background","urban",0,0.824281150159744,0,0,0,0,0,0.143769968051118,0,0.0319488817891374,"03404000",1350.44717915927,1857.37589444138,0,0,0,"03"
"DENI041",14.36342084,2015,"EPSG:4979",9.06255,52.17017,54,"background","suburban",0,0.0705128205128205,0.205128205128205,0,0,0,0,0,0.724358974358974,0,"03257031",231.287460905538,2064.24113299229,0,0,0,"03"
"DENI042",16.53556255,2015,"EPSG:4979",9.94976,51.55107,170,"background","suburban",0,0.366559485530547,0.37620578778135,0,0,0,0,0.118971061093248,0.118971061093248,0.0192926045016077,"03152012",1017.39095341577,1790.26390913333,0,0,0,"03"
"DENI043",15.37784952,2015,"EPSG:4979",7.31747,52.49855,30,"background","suburban",0,0.461783439490446,0.0286624203821656,0,0,0,0,0,0.222929936305732,0.280254777070064,"03454032",302.482561748931,1655.90297049841,0,0,0,"03"
"DENI048",49.13168457,2015,"EPSG:4979",9.7155,52.359478,66,"traffic","urban",0,0.399361022364217,0.306709265175719,0.0862619808306709,0,0,0,0.207667731629393,0,0,"03241001",2604.82288533805,2056.46804163923,0,0,0,"03"
"DENI051",6.14238556,2015,"EPSG:4979",10.61248,51.75816,939,"background","rural",0,0,0,0,0,0,0,0,0,1,"03153016",208.744077141293,0,0,0,0,"03"
"DENI052",13.0739389,2015,"EPSG:4979",9.62295,52.82943,38,"background","suburban",0,0.258785942492013,0,0,0,0,0,0,0.60702875399361,0.134185303514377,"03358022",85.2342978227512,0,0,0,0,"03"
"DENI053",14.13234051,2015,"EPSG:4979",7.94257,52.99796,17,"industrial","suburban",0,0.4,0,0,0,0,0,0,0.558730158730159,0.0412698412698413,"03453002",76.9350285249785,0,0,0,0,"03"
"DENI054",19.19415209,2015,"EPSG:4979",9.70612,52.36292,85,"background","urban",0,0.438485804416404,0.312302839116719,0.056782334384858,0,0,0,0.192429022082019,0,0,"03241001",2604.82288533805,2012.56531339681,0,0,0,"03"
"DENI058",8.9534562,2015,"EPSG:4979",7.21398,53.7153,5,"background","rural",0,0,0,0,0,0.059748427672956,0,0,0,0,"03452020",228.731411827476,0,0,0,0,"03"
"DENI059",11.89503828,2015,"EPSG:4979",8.80122,53.83017,3,"background","rural",0,0,0,0,0,0,0,0,0.690095846645367,0,"03352011",297.395790982154,0,0,0,0,"03"
"DENI060",11.26930917,2015,"EPSG:4979",11.16705,52.95702,16,"background","rural",0,0.0253164556962025,0.174050632911392,0,0,0,0,0,0.800632911392405,0,"03354018",106.010468949285,2559.37407810422,0,0,0,"03"
"DENI062",16.66755584,2015,"EPSG:4979",10.4565,53.24696,47,"background","suburban",0,0.218649517684887,0.585209003215434,0,0,0,0,0.0771704180064309,0,0.0353697749196141,"03355022",1040.83435354556,2530.19921980858,0,0,188.940439664992,"03"
"DENI063",13.95126052,2015,"EPSG:4979",9.68503,53.52418,3,"background","rural",0,0.302250803858521,0,0,0,0,0,0,0.697749196141479,0,"03359028",226.749204331952,0,1158.76568085574,0,0,"03"
"DENI067",50.1595699,2015,"EPSG:4979",8.04147,52.2703,69,"traffic","urban",0,0.974683544303797,0,0,0,0,0,0.0253164556962025,0,0,"03404000",1350.44717915927,1999.97901562038,0,0,0,"03"
"DENI068",41.59002219,2015,"EPSG:4979",9.92833,51.5302,150,"traffic","urban",0.0825396825396825,0.533333333333333,0.168253968253968,0.0380952380952381,0,0,0,0.171428571428571,0,0.00634920634920635,"03152012",1017.39095341577,3116.75311928125,268.632673230167,0,0,"03"
"DENI070",16.39344765,2015,"EPSG:4979",10.45591,52.15369,93,"industrial","rural",0,0.0791139240506329,0,0,0,0,0,0,0.920886075949367,0,"03102000",449.268613937501,1992.09255714662,0,0,0,"03"
"DENI071",19.51794402,2015,"EPSG:4979",10.42275,51.61365,273,"traffic","suburban",0,0.338607594936709,0.00632911392405063,0,0,0,0,0,0.617088607594937,0.0379746835443038,"03156002",241.212338844279,0,0,0,0,"03"
"DENI075",39.63145391,2015,"EPSG:4979",10.54055,52.26673,81,"traffic","urban",0.019047619047619,0.828571428571429,0.0285714285714286,0,0,0,0,0.123809523809524,0,0,"03101000",1306.65984510199,0,0,0,0,"03"
"DENI077",8.98356021,2015,"EPSG:4979",9.55462,51.70884,295,"background","rural",0,0,0,0,0,0,0,0,0.333333333333333,0.666666666666667,"03155012",127.689234834466,1254.5639905787,0,0,0,"03"
"DENI143",52.32965017,2015,"EPSG:4979",8.212084,53.142836,8,"traffic","urban",0,0.881789137380192,0,0.0702875399361022,0,0,0,0.0479233226837061,0,0,"03403000",1579.82985261191,0,2205.64054528096,0,0,"03"
"DENI157",37.4981864,2015,"EPSG:4979",10.793683,52.427886,61,"traffic","suburban",0,0.420886075949367,0.300632911392405,0.0569620253164557,0,0,0,0.221518987341772,0,0,"03103000",604.904553282475,0,1834.94102986456,0,1350.62793535359,"03"
"DENW002",20.31731004,2015,"EPSG:4979",7.331405,51.641383,80,"background","suburban",0,0.639240506329114,0.177215189873418,0,0,0,0.00316455696202532,0,0.126582278481013,0,"05562008",524.150184845423,1981.59923333216,0,0,0,"05"
"DENW006",24.36537833,2015,"EPSG:4979",7.569838,51.592206,58,"background","suburban",0,0.253164556962025,0,0,0,0,0,0,0.746835443037975,0,"05978024",1444.67957065008,0,0,1703.93589651664,0,"05"
"DENW008",26.53087569,2015,"EPSG:4979",7.457463,51.536911,75,"background","urban",0,0.179487179487179,0.467948717948718,0,0,0,0,0.352564102564103,0,0,"05913000",2095.34386539965,2093.50648055694,0,0,0,"05"
"DENW010",20.96178816,2015,"EPSG:4979",7.693835,51.547495,72,"background","suburban",0,0.639871382636656,0.122186495176849,0,0,0,0,0,0.237942122186495,0,"05978036",666.897628147022,0,1860.9564826438,0,0,"05"
"DENW021",26.32454737,2015,"EPSG:4979",6.976908,51.525963,40,"industrial","urban",0,0.449367088607595,0.189873417721519,0,0,0,0,0.189873417721519,0.132911392405063,0.00632911392405063,"05512000",1167.73036946792,887.273753479147,0,0,0,"05"
"DENW022",26.45053198,2015,"EPSG:4979",7.101786,51.533646,40,"background","suburban",0,0.538216560509554,0.159235668789809,0.114649681528662,0,0,0,0.0668789808917197,0,0.114649681528662,"05513000",2469.6347024617,1979.34433984099,0,1968.08639347985,0,"05"
"DENW024",26.55889399,2015,"EPSG:4979",6.981045,51.496527,47,"background","urban",0,0.253164556962025,0.639240506329114,0,0,0,0.0664556962025316,0.00316455696202532,0,0,"05113000",2766.71633582586,0,0,966.740465320056,0,"05"
"DENW029",18.07669563,2015,"EPSG:4979",7.208572,51.403005,93,"background","suburban",0,0.585987261146497,0.117834394904459,0,0,0,0,0,0.296178343949045,0,"05954016",765.112440546866,0,2130.75891362282,0,0,"05"
"DENW030",19.33927003,2015,"EPSG:4979",6.629576,51.672809,25,"background","suburban",0,0.578274760383387,0.242811501597444,0,0,0,0,0,0.178913738019169,0,"05170048",493.507705003902,1072.78863036748,0,0,0,"05"
"DENW034",25.90334401,2015,"EPSG:4979",6.748402,51.524022,28,"industrial","urban",0,0.701587301587302,0.0412698412698413,0,0,0,0,0.171428571428571,0.0857142857142857,0,"05112000",2106.0334608263,0,2158.11369264397,1406.59092831244,0,"05"
"DENW038",26.00171979,2015,"EPSG:4979",6.865107,51.45346,37,"background","urban",0,0.552715654952077,0.297124600638978,0,0,0,0,0.150159744408946,0,0,"05117000",1854.2246086587,2280.37072839233,0,1917.02953257956,0,"05"
"DENW043",35.55592104,2015,"EPSG:4979",7.030603,51.451177,100,"traffic","urban",0,0.828478964401295,0.0355987055016181,0.135922330097087,0,0,0,0,0,0,"05113000",2766.71633582586,0,0,3404.96138903975,0,"05"
"DENW053",24.9865366,2015,"EPSG:4979",6.884636,51.019345,45,"background","urban",0,0.562700964630225,0,0,0,0,0,0,0.337620578778135,0.00964630225080386,"05315000",2606.23348925116,0,0,0,0,"05"
"DENW058",21.15361709,2015,"EPSG:4979",6.873789,50.876121,90,"industrial","suburban",0,0.581993569131833,0,0,0,0,0,0.090032154340836,0.131832797427653,0.196141479099678,"05362028",1191.16870802363,1833.3837516211,0,0,0,"05"
"DENW059",31.23263624,2015,"EPSG:4979",6.985164,50.889814,45,"background","suburban",0,0.429487179487179,0,0,0,0,0,0.349358974358974,0,0.205128205128205,"05315000",2606.23348925116,887.958722458212,0,1816.86649506421,0,"05"
"DENW062",29.89228432,2015,"EPSG:4979",7.082676,50.75364,57,"background","suburban",0,0.638977635782748,0.233226837060703,0,0,0,0,0.0702875399361022,0,0,"05314000",2250.82905214953,0,0,1850.32371103657,0,"05"
"DENW064",5.95223749,2015,"EPSG:4979",6.281069,50.653236,572,"background","rural-regional",0,0,0,0,0,0,0,0,0.179487179487179,0.740384615384615,"05334028",137.734494669092,1913.53160832243,0,0,0,"05"
"DENW065",6.72669228,2015,"EPSG:4979",8.191932,50.930328,635,"background","rural-regional",0,0,0,0,0,0,0,0,0,0.987381703470032,"05970032",169.807219845521,0,1777.78440146048,0,0,"05"
"DENW066",20.20407044,2015,"EPSG:4979",6.195868,51.326943,49,"background","rural-nearcity",0,0.40506329113924,0.145569620253165,0,0,0,0,0,0.449367088607595,0,"05166016",505.323367852854,105.296263455836,0,2060.00970020078,0,"05"
"DENW067",22.41473548,2015,"EPSG:4979",8.548389,52.023169,102,"background","urban",0.0833333333333333,0.612179487179487,0.304487179487179,0,0,0,0,0,0,0,"05711000",1285.72034550206,357.484744084444,0,0,0,"05"
"DENW068",12.41404379,2015,"EPSG:4979",8.148061,51.570662,110,"background","rural-nearcity",0,0,0.00641025641025641,0,0,0,0,0,0.958333333333333,0.0352564102564103,"05974040",557.902891537234,1844.44693049773,0,0,0,"05"
"DENW071",25.28207955,2015,"EPSG:4979",6.732383,51.249211,32,"background","urban",0,0.375,0.0512820512820513,0,0,0,0,0.192307692307692,0.182692307692308,0,"05111000",2811.95944508465,0,0,0,0,"05"
"DENW078",25.83443196,2015,"EPSG:4979",6.819967,51.303919,41,"background","suburban",0,0.427215189873418,0.227848101265823,0,0,0,0,0.0854430379746835,0.107594936708861,0.0886075949367089,"05158028",993.053497257133,0,1652.89374691787,1643.62933632972,0,"05"
"DENW079",29.25676077,2015,"EPSG:4979",7.005063,51.028879,50,"background","suburban",0,0.695238095238095,0.155555555555556,0,0,0,0,0.13015873015873,0.019047619047619,0,"05316000",2073.61300687513,0,0,1856.34255355286,0,"05"
"DENW080",22.55888541,2015,"EPSG:4979",7.052634,51.183773,207,"background","suburban",0,0.737179487179487,0.118589743589744,0,0,0,0,0.144230769230769,0,0,"05122000",1782.71902927338,0,0,0,0,"05"
"DENW081",17.66019154,2015,"EPSG:4979",6.874554,51.862,45,"background","rural-nearcity",0,0.293929712460064,0.210862619808307,0,0,0,0,0,0.376996805111821,0.118210862619808,"05554012",276.469255440126,0,2227.51735587946,0,0,"05"
"DENW082",58.91181781,2015,"EPSG:4979",6.782565,51.21311,37,"traffic","urban",0.205047318611987,0.712933753943218,0.0599369085173502,0,0,0,0,0.0220820189274448,0,0,"05111000",2811.95944508465,1076.85308030693,0,0,0,"05"
"DENW094",14.24568763,2015,"EPSG:4979",6.093923,50.754704,205,"background","urban",0,0.911392405063291,0,0,0,0,0,0.0221518987341772,0.0632911392405063,0.00316455696202532,"05334002",1501.77953460099,1842.6170171615,0,0,0,"05"
"DENW095",19.55349053,2015,"EPSG:4979",7.611581,51.936547,63,"background","urban",0,0.920382165605096,0.0414012738853503,0,0,0,0,0.0382165605095541,0,0,"05515000",1021.1492153331,3930.05287527834,0,0,0,"05"
"DENW100",22.06245589,2015,"EPSG:4979",6.458842,51.169967,51,"traffic","urban",0,0.667731629392971,0.137380191693291,0,0,0,0,0.140575079872204,0.0543130990415335,0,"05116000",1521.21781929845,0,0,0,0,"05"
"DENW101",38.70779212,2015,"EPSG:4979",7.464347,51.519639,74,"traffic","urban",0.328025477707006,0.554140127388535,0.0414012738853503,0.0764331210191083,0,0,0,0,0,0,"05913000",2095.34386539965,3625.27902616123,0,0,0,"05"
"DENW112",37.3436325,2015,"EPSG:4979",6.771801,51.437708,34,"traffic","urban",0.0987261146496815,0.592356687898089,0.181528662420382,0.0445859872611465,0,0,0,0.00955414012738853,0.0159235668789809,0,"05112000",2106.0334608263,0,0,3366.97061125859,0,"05"
"DENW114",24.16631697,2015,"EPSG:4979",7.231895,51.277647,186,"background","urban",0,0.907348242811502,0.0926517571884984,0,0,0,0,0,0,0,"05124000",2077.50609889486,2079.25802270552,0,0,0,"05"
"DENW116",28.4979385,2015,"EPSG:4979",6.670195,51.342561,30,"industrial","suburban",0,0,0.507987220447284,0,0,0,0,0.0159744408945687,0.172523961661342,0.0287539936102236,"05114000",1646.52092235335,0,0,0,0,"05"
"DENW133",48.52206249,2015,"EPSG:4979",7.46353,51.362829,106,"traffic","urban",0.113924050632911,0.534810126582278,0.120253164556962,0.107594936708861,0,0,0,0,0,0.123417721518987,"05914000",1178.45204114008,1920.49749950914,1837.53034951398,0,0,"05"
"DENW134",43.45150659,2015,"EPSG:4979",7.005278,51.477931,55,"traffic","urban",0,0.570977917981073,0.22397476340694,0,0,0,0,0.205047318611987,0,0,"05113000",2766.71633582586,2029.12396252918,0,0,0,"05"
"DENW136",49.18241912,2015,"EPSG:4979",7.483597,51.523567,76,"traffic","urban",0.0159235668789809,0.401273885350318,0.43312101910828,0.0445859872611465,0,0,0,0.0828025477707006,0,0,"05913000",2095.34386539965,0,0,0,0,"05"
"DENW179",21.94589503,2015,"EPSG:4979",7.582295,51.448762,157,"background","urban",0,0.575079872204473,0.182108626198083,0,0,0,0,0,0.242811501597444,0,"05978028",825.78476023453,762.018202084539,0,0,0,"05"
"DENW181",11.91870397,2015,"EPSG:4979",8.360714,51.443012,315,"industrial","urban",0,0.391167192429022,0.082018927444795,0,0,0,0.148264984227129,0,0.378548895899054,0,"05974044",160.420119767307,1562.16587307626,0,0,0,"05"
"DENW188",52.58081707,2015,"EPSG:4979",6.863657,51.474971,42,"traffic","urban",0,0.801916932907348,0.108626198083067,0.0862619808306709,0,0,0,0.00319488817891374,0,0,"05119000",2720.65373400879,1993.43117152981,1643.09050557268,0,0,"05"
"DENW189",51.47775603,2015,"EPSG:4979",7.147401,51.260681,160,"traffic","urban",0.111821086261981,0.837060702875399,0,0,0,0,0,0.0511182108626198,0,0,"05124000",2077.50609889486,1588.82197499383,0,790.454613667408,0,"05"
"DENW200",30.69077499,2015,"EPSG:4979",8.552804,52.005624,137,"traffic","urban",0,0.676190476190476,0.0920634920634921,0,0,0,0,0.187301587301587,0.00634920634920635,0.0380952380952381,"05711000",1285.72034550206,2006.77472020159,0,0,0,"05"
"DENW203",41.4219597,2015,"EPSG:4979",7.150186,51.543141,40,"traffic","urban",0,0.729903536977492,0.212218649517685,0,0,0,0,0,0.0257234726688103,0.0128617363344051,"05916000",3024.8000923045,1953.84162819865,0,1811.31210537805,0,"05"
"DENW207",50.17756033,2015,"EPSG:4979",6.095775,50.773131,163,"traffic","urban",0.258785942492013,0.699680511182109,0,0,0,0,0,0.0415335463258786,0,0,"05334002",1501.77953460099,4786.20611408843,0,0,0,"05"
"DENW208",49.88754556,2015,"EPSG:4979",7.084597,51.527883,40,"traffic","urban",0,0.191693290734824,0.795527156549521,0.00638977635782748,0,0,0,0.00638977635782748,0,0,"05513000",2469.6347024617,0,0,2122.62437347031,0,"05"
"DENW211",66.28044887,2015,"EPSG:4979",7.00459,50.962857,48,"traffic","urban",0,0.658227848101266,0.15506329113924,0,0,0,0,0,0.0443037974683544,0,"05315000",2606.23348925116,4034.49989911914,0,0,0,"05"
"DENW212",46.34335887,2015,"EPSG:4979",6.957701,50.947367,49,"traffic","urban",0.384615384615385,0.358974358974359,0.016025641025641,0.0544871794871795,0,0,0,0.0224358974358974,0,0,"05315000",2606.23348925116,4031.43366277664,0,0,0,"05"
"DENW247",33.41377051,2015,"EPSG:4979",6.965643,51.406968,153,"background","suburban",0,0.312302839116719,0,0,0,0.0157728706624606,0,0.195583596214511,0.476340694006309,0,"05113000",2766.71633582586,0,0,1963.42276069944,0,"05"
"DENW259",32.04806005,2015,"EPSG:4979",6.439975,51.169437,69,"traffic","urban",0,0.932692307692308,0.00320512820512821,0,0,0,0,0.0641025641025641,0,0,"05116000",1521.21781929845,1985.71501548068,0,0,0,"05"
"DENW260",38.90636225,2015,"EPSG:4979",7.619387,51.953267,63,"traffic","urban",0.200636942675159,0.627388535031847,0.0732484076433121,0.0159235668789809,0,0,0,0.0127388535031847,0,0,"05515000",1021.1492153331,3714.75925860461,0,0,0,"05"
"DENW329",18.8296304,2015,"EPSG:4979",6.451483,51.033834,112,"industrial","rural",0,0.111821086261981,0,0.0926517571884984,0,0,0,0,0.795527156549521,0,"05358056",121.320871733147,0,0,3872.77260659905,0,"05"
"DENW337",17.9230658,2015,"EPSG:4979",6.469463,51.097638,83,"industrial","rural-nearcity",0,0.34493670886076,0,0.0537974683544304,0,0,0.120253164556962,0,0.481012658227848,0,"05162012",322.969846240454,0,0,4321.96441734598,0,"05"
"DENW338",34.45062015,2015,"EPSG:4979",6.735431,51.485492,28,"industrial","urban",0,0.350157728706625,0.545741324921136,0,0,0,0,0.10410094637224,0,0,"05112000",2106.0334608263,0,0,1869.30954929639,0,"05"
"DENW354",37.54398914,2015,"EPSG:4979",6.45683,51.12031,38,"traffic","urban",0,0.217252396166134,0.118210862619808,0,0,0,0,0.108626198083067,0.55591054313099,0,"05116000",1521.21781929845,1886.37075646358,0,0,0,"05"
"DENW355",47.00605789,2015,"EPSG:4979",7.010934,51.031473,49,"traffic","urban",0,0.620253164556962,0.19620253164557,0,0,0,0,0.177215189873418,0,0,"05316000",2073.61300687513,0,0,1976.88659446388,0,"05"
"DENW356",35.10785019,2015,"EPSG:4979",7.643095,51.227609,375,"traffic","urban",0,0.712933753943218,0.10410094637224,0,0,0,0,0.0441640378548896,0.110410094637224,0.028391167192429,"05962032",837.515078593224,0,0,350.663371239383,0,"05"
"DERP001",25.1165092,2015,"EPSG:4979",8.402374,49.515052,91,"background","urban",0,0.422712933753943,0.189274447949527,0,0,0,0,0.0504731861198738,0.334384858044164,0.00315457413249211,"07314000",2115.66469937699,0,0,0,0,"07"
"DERP003",31.43435645,2015,"EPSG:4979",8.425833,49.455378,98,"industrial","urban",0,0.493589743589744,0.384615384615385,0,0.102564102564103,0,0,0,0.016025641025641,0,"07314000",2115.66469937699,2055.31304548205,0,0,0,"07"
"DERP007",23.18246893,2015,"EPSG:4979",8.216498,50.017078,120,"background","urban",0,0.520766773162939,0.0511182108626198,0,0,0,0,0.10223642172524,0.319488817891374,0.00638977635782748,"07315000",2147.89798658622,0,67.4030095524835,1381.9782143085,0,"07"
"DERP009",39.00167057,2015,"EPSG:4979",8.273965,49.994975,110,"background","urban",0.0851735015772871,0.67192429022082,0,0.00630914826498423,0,0,0,0.0977917981072555,0,0,"07315000",2147.89798658622,1487.92196711208,1704.8754095052,0,0,"07"
"DERP010",56.78636926,2015,"EPSG:4979",8.261277,50.000973,85,"traffic","urban",0.105095541401274,0.773885350318471,0,0.0668789808917197,0,0,0,0.054140127388535,0,0,"07315000",2147.89798658622,2493.59641067949,326.126689037853,0,0,"07"
"DERP011",39.5716245,2015,"EPSG:4979",8.265563,50.009954,85,"traffic","urban",0.053968253968254,0.514285714285714,0.00952380952380952,0.019047619047619,0.053968253968254,0,0,0,0.0380952380952381,0,"07315000",2147.89798658622,2081.79104631872,264.75290521364,0,0,"07"
"DERP012",44.60211252,2015,"EPSG:4979",8.268996,49.998837,85,"traffic","urban",0.118210862619808,0.670926517571885,0,0.0351437699680511,0,0,0,0.0702875399361022,0,0,"07315000",2147.89798658622,2858.82135187783,1340.88386943539,0,0,"07"
"DERP013",8.06573256,2015,"EPSG:4979",7.293522,49.423137,455,"background","rural",0,0.00964630225080386,0,0,0,0,0,0,0.781350482315113,0.209003215434084,"07336017",156.040124420801,0,0,0,0,"07"
"DERP014",6.00266206,2015,"EPSG:4979",7.193486,49.741035,650,"background","rural",0,0,0,0,0,0,0,0,0,1,"07134084",51.2152113209268,0,0,0,0,"07"
"DERP015",6.45867509,2015,"EPSG:4979",6.3781,50.2665,680,"background","rural",0,0,0,0,0,0,0,0,0,1,"07232227",19.4021586902356,0,0,0,0,"07"
"DERP016",8.05898114,2015,"EPSG:4979",7.9735,50.766751,480,"background","rural",0,0.00964630225080386,0,0,0,0,0,0,0.0160771704180064,0.97427652733119,"07132050",368.968084910737,0,0,0,0,"07"
"DERP017",6.33975919,2015,"EPSG:4979",7.826521,49.270263,606,"background","rural",0,0,0,0,0,0,0,0,0,1,"07340031",38.8692478894483,0,0,0,0,"07"
"DERP019",22.77030316,2015,"EPSG:4979",7.7673,49.446,232,"background","urban",0.140575079872204,0.837060702875399,0.0223642172523962,0,0,0,0,0,0,0,"07312000",702.432927364417,380.875245173201,0,0,1725.34641316743,"07"
"DERP020",33.65143089,2015,"EPSG:4979",6.646762,49.754192,140,"traffic","urban",0,0.743670886075949,0.14873417721519,0,0,0,0,0,0.0221518987341772,0.0854430379746835,"07211000",989.236681061373,0,2241.16864631609,0,0,"07"
"DERP021",23.10821446,2015,"EPSG:4979",7.481394,50.424674,65,"background","urban",0,0.257234726688103,0.334405144694534,0,0,0,0,0.0932475884244373,0.295819935691318,0,"07138045",745.837104248611,2478.05651480648,1544.87768426422,0,0,"07"
"DERP022",24.39571609,2015,"EPSG:4979",7.866208,49.842136,108,"background","urban",0.0946372239747634,0.577287066246057,0.296529968454259,0,0,0,0,0,0.0220820189274448,0.00946372239747634,"07133006",890.737464097184,1879.53476373245,0,0,0,"07"
"DERP023",28.84103365,2015,"EPSG:4979",8.3649,49.6287,97,"traffic","urban",0,0.657051282051282,0.176282051282051,0,0,0,0,0.150641025641026,0.00320512820512821,0,"07319000",754.745640806543,4836.42589032819,0,0,0,"07"
"DERP024",36.97700574,2015,"EPSG:4979",7.596583,50.3544,68,"traffic","urban",0.174050632911392,0.525316455696203,0.0822784810126582,0,0,0,0,0.0158227848101266,0,0.00316455696202532,"07111000",1061.63782349182,3453.1847812318,0,0,0,"07"
"DERP025",18.95252111,2015,"EPSG:4979",8.253547,49.052321,104,"background","urban",0,0.610932475884244,0,0,0,0,0.0160771704180064,0,0.106109324758842,0.266881028938907,"07334501",134.760045879435,0,0,1203.87513443515,0,"07"
"DERP026",33.6919564,2015,"EPSG:4979",8.3553,49.5333,99,"traffic","urban",0,0.808306709265176,0.146964856230032,0,0,0,0,0.0447284345047923,0,0,"07311000",1105.28575997528,1046.39661229392,1684.9775268984,0,0,"07"
"DERP028",9.5882628,2015,"EPSG:4979",7.7299,50.4243,546,"background","rural",0,0,0,0,0,0,0,0,0,1,"07143048",383.67860135473,0,0,0,0,"07"
"DERP041",46.42304491,2015,"EPSG:4979",8.443654,49.47869,94,"traffic","urban",0.255520504731861,0.429022082018927,0.0694006309148265,0.167192429022082,0,0,0,0,0,0,"07314000",2115.66469937699,4585.64362814767,0,0,0,"07"
"DERP045",44.89863081,2015,"EPSG:4979",7.592515,50.359605,70,"traffic","urban",0.173501577287066,0.539432176656151,0.1198738170347,0.00315457413249211,0,0,0,0.00315457413249211,0,0,"07111000",1061.63782349182,4082.39128422819,0,0,0,"07"
"DERP046",27.51674481,2015,"EPSG:4979",7.460812,50.431398,65,"traffic","urban",0,0.563291139240506,0.183544303797468,0,0,0,0,0.0854430379746835,0.0221518987341772,0,"07138045",745.837104248611,1807.72696374274,448.871468691171,0,0,"07"
"DERP047",19.88258829,2015,"EPSG:4979",6.690488,49.783942,131,"industrial","suburban",0,0.254019292604502,0.176848874598071,0.209003215434084,0,0,0,0,0.257234726688103,0.00964630225080386,"07211000",989.236681061373,1819.71051115432,0,1960.99197854468,0,"07"
"DERP053",31.55038443,2015,"EPSG:4979",8.423005,49.351143,103,"background","suburban",0,0.329113924050633,0.10126582278481,0,0,0,0,0,0.107594936708861,0.379746835443038,"07318000",1173.86520379261,1908.40567949337,850.547162374306,1917.63105394588,0,"07"
"DERP060",17.83194114,2015,"EPSG:4979",7.614573,49.191996,378,"background","urban",0,0.677215189873418,0,0,0,0,0,0,0.0126582278481013,0.310126582278481,"07317000",652.690813811549,0,2764.69283680499,0,0,"07"
"DESH008",9.42188995,2015,"EPSG:4979",10.240596,54.09323,45,"background","rural-regional",0,0,0,0,0,0,0,0,0.509554140127389,0.251592356687898,"01057005",25.9860617505669,0,0,0,0,"01"
"DESH022",33.30421051,2015,"EPSG:4979",9.43809,54.78143,15,"traffic","urban",0.105431309904153,0.814696485623003,0,0.0447284345047923,0,0,0,0.0223642172523962,0,0,"01001000",1746.04021410785,0,2122.48064032996,0,0,"01"
"DESH023",13.3995956,2015,"EPSG:4979",10.695936,53.835492,12,"background","urban",0,0.40952380952381,0.196825396825397,0,0,0,0,0.149206349206349,0.244444444444444,0,"01003000",1020.61876560094,1763.1193584739,0,0,0,"01"
"DESH025",36.42189095,2015,"EPSG:4979",9.511769,53.928028,11,"traffic","urban",0,0.794212218649518,0.180064308681672,0,0,0,0,0,0.0257234726688103,0,"01061046",1129.56707787057,3187.35099798186,0,0,0,"01"
"DESH027",41.24365129,2015,"EPSG:4979",10.135158,54.304676,8,"traffic","urban",0.0569620253164557,0.534810126582278,0.294303797468354,0.00316455696202532,0,0,0,0.0917721518987342,0,0.00632911392405063,"01002000",2193.6688050601,3381.48493630689,2382.80779913127,0,0,"01"
"DESH028",30.91536694,2015,"EPSG:4979",10.775796,53.698939,10,"traffic","urban",0.0897435897435897,0.259615384615385,0,0,0,0,0,0,0.00641025641025641,0.0416666666666667,"01053100",468.124403670317,2075.64785536256,0,0,0,"01"
"DESH030",42.70330354,2015,"EPSG:4979",9.997256,53.681993,26,"traffic","urban",0,0.80952380952381,0.0984126984126984,0,0,0,0,0.0507936507936508,0.0412698412698413,0,"01060063",1306.35288399921,2012.82286244438,0,0,0,"01"
"DESH033",15.93546396,2015,"EPSG:4979",10.116563,54.309674,29,"background","urban",0.0949367088607595,0.819620253164557,0.0221518987341772,0.0348101265822785,0,0,0,0.0284810126582278,0,0,"01002000",2193.6688050601,1997.666572605,478.113050198583,0,0,"01"
"DESH035",22.95946538,2015,"EPSG:4979",9.156908,53.896117,0,"industrial","suburban",0,0.373417721518987,0.0727848101265823,0,0,0,0,0,0.268987341772152,0,"01051011",258.567335934452,0,0,0,1953.63281369963,"01"
"DESH052",65.0370153,2015,"EPSG:4979",10.122364,54.304242,18,"traffic","urban",0.053968253968254,0.777777777777778,0.111111111111111,0,0,0,0,0.0126984126984127,0,0.0444444444444444,"01002000",2193.6688050601,2854.63301748402,1174.17079366938,0,0,"01"
"DESH053",29.50833283,2015,"EPSG:4979",10.67332,53.862237,6,"traffic","urban",0.117088607594937,0.626582278481013,0.0221518987341772,0.0791139240506329,0,0,0,0.15506329113924,0,0,"01003000",1020.61876560094,2014.03903783345,0,0,0,"01"
"DESH055",35.2482844,2015,"EPSG:4979",10.664881,53.87453,13,"traffic","urban",0.107255520504732,0.586750788643533,0.135646687697161,0.0315457413249211,0,0,0,0.138801261829653,0,0,"01003000",1020.61876560094,0,0,1509.75143381389,434.708648469206,"01"
"DESL003",17.97481909,2015,"EPSG:4979",6.73354,49.357861,185,"background","urban",0,0.398713826366559,0.414790996784566,0,0,0,0,0,0,0.186495176848875,"10044111",929.924129240328,0,1408.58996809612,0,0,"10"
"DESL010",22.79726282,2015,"EPSG:4979",6.948776,49.244247,211,"background","urban",0,0.591639871382637,0.244372990353698,0,0,0,0,0.154340836012862,0,0.00964630225080386,"10041100",1053.40512924625,1959.59897110032,0,52.1754376150501,0,"10"
"DESL011",16.41714497,2015,"EPSG:4979",7.036322,49.237227,315,"background","urban",0,0.504761904761905,0.0698412698412698,0,0,0,0,0,0,0.425396825396825,"10041100",1053.40512924625,0,0,0,0,"10"
"DESL012",30.84416638,2015,"EPSG:4979",6.987601,49.233464,192,"background","urban",0.364217252396166,0.460063897763578,0.121405750798722,0.0351437699680511,0,0,0,0.0191693290734824,0,0,"10041100",1053.40512924625,5567.01924184548,0,2084.77125471862,0,"10"
"DESL013",20.313117,2015,"EPSG:4979",6.753639,49.322646,181,"background","suburban",0,0.348101265822785,0.30379746835443,0,0,0,0,0.0854430379746835,0.183544303797468,0,"10044115",809.60824817746,4158.39612664866,0,0,0,"10"
"DESL017",19.5775671,2015,"EPSG:4979",6.867744,49.254344,189,"background","urban",0.0477707006369427,0.445859872611465,0.194267515923567,0,0,0,0,0.127388535031847,0,0.0636942675159236,"10041519",580.372359783671,1916.47129993044,0,1222.1337574206,0,"10"
"DESL018",21.35228708,2015,"EPSG:4979",7.061679,49.299373,236,"background","urban",0,0.71608832807571,0.00630914826498423,0,0,0,0,0,0,0.277602523659306,"10041518",995.426848086102,0,0,1156.95599702611,0,"10"
"DESL019",8.8389302,2015,"EPSG:4979",6.552037,49.416884,339,"background","rural-regional",0,0,0,0,0,0,0,0,0.780952380952381,0.219047619047619,"10044114",236.754043399445,0,0,0,0,"10"
"DESL020",39.77119811,2015,"EPSG:4979",7.003174,49.23074,192,"traffic","urban",0.307692307692308,0.439102564102564,0.137820512820513,0,0,0,0,0.115384615384615,0,0,"10041100",1053.40512924625,3018.76469143672,0,1755.68537813151,0,"10"
"DESN001",20.42194752,2015,"EPSG:4979",12.997278,50.570872,545,"background","urban",0,0.774193548387097,0,0,0,0,0,0,0.225806451612903,0,"14521020",723.892166959943,2782.40212711608,0,0,0,"14"
"DESN004",16.01535979,2015,"EPSG:4979",14.443771,51.175669,203,"background","urban",0,0.845659163987138,0.0707395498392283,0,0,0,0,0,0.0836012861736334,0,"14625020",594.070686065069,2824.36282425828,0,0,0,"14"
"DESN006",21.61574394,2015,"EPSG:4979",12.493056,51.125,145,"traffic","urban",0,0.749206349206349,0.0222222222222222,0,0,0,0,0.126984126984127,0.0571428571428571,0.0444444444444444,"14729050",313.853422612736,3018.39117176374,0,0,0,"14"
"DESN011",21.65306813,2015,"EPSG:4979",12.917336,50.832461,300,"background","urban",0,0.841772151898734,0.104430379746835,0.0158227848101266,0,0,0,0.0379746835443038,0,0,"14511000",1122.18479139373,4614.28338260037,0,0,0,"14"
"DESN017",19.04565878,2015,"EPSG:4979",13.346826,50.9163,393,"background","urban",0,0.838095238095238,0.0825396825396825,0.0349206349206349,0,0,0,0.0444444444444444,0,0,"14522180",864.612148887549,3832.09524691355,1027.40526242891,0,70.6810368783808,"14"
"DESN019",19.75836599,2015,"EPSG:4979",12.542056,50.826001,233,"background","urban",0,0.625396825396825,0.247619047619048,0,0,0,0,0,0.126984126984127,0,"14524080",445.953341676104,1823.34162606253,0,0,0,"14"
"DESN020",22.64817739,2015,"EPSG:4979",14.973958,51.155801,210,"traffic","urban",0.0630914826498423,0.422712933753943,0.34384858044164,0.0757097791798107,0,0,0,0.0946372239747634,0,0,"14626110",815.87355259578,2201.9396649999,0,0,0,"14"
"DESN024",11.38457714,2015,"EPSG:4979",12.468739,50.354783,540,"background","urban",0,0.414012738853503,0,0,0,0,0,0,0.232484076433121,0.353503184713376,"14523160",170.418616326362,1827.81117746264,170.911617525243,0,0,"14"
"DESN025",42.80036003,2015,"EPSG:4979",12.377163,51.344164,110,"traffic","urban",0.246835443037975,0.417721518987342,0.0949367088607595,0.164556962025316,0,0,0,0.0759493670886076,0,0,"14713000",1871.6834572385,2285.65210008425,0,0,0,"14"
"DESN045",13.32594306,2015,"EPSG:4979",14.822846,50.892377,230,"background","suburban",0,0.520766773162939,0.271565495207668,0,0,0,0,0.00319488817891374,0.204472843450479,0,"14626610",382.426249406689,860.271781613103,2564.92635271848,0,158.774827807081,"14"
"DESN051",13.39141369,2015,"EPSG:4979",13.675005,51.119514,246,"background","rural-nearcity",0,0.382165605095541,0,0,0,0,0,0,0.579617834394904,0.0382165605095541,"14627210",1305.71965903032,0,0,0,0,"14"
"DESN052",7.55013294,2015,"EPSG:4979",13.75145,50.731478,877,"background","rural-regional",0,0.00319488817891374,0,0,0,0,0,0,0.527156549520767,0.29073482428115,"14628010",56.1070380435003,590.754739803651,0,0,0,"14"
"DESN059",16.15543149,2015,"EPSG:4979",12.297411,51.317905,115,"background","urban",0,0.871794871794872,0.0192307692307692,0,0,0,0,0.0833333333333333,0.0256410256410256,0,"14713000",1871.6834572385,0,0,0,0,"14"
"DESN061",31.73665434,2015,"EPSG:4979",13.741397,51.06493,112,"traffic","urban",0,0.517684887459807,0.231511254019293,0.0964630225080386,0,0,0,0.0578778135048231,0.00964630225080386,0,"14612000",1653.57054014841,5234.84438510816,0,0,0,"14"
"DESN074",8.0534445,2015,"EPSG:4979",13.465078,50.659097,785,"background","rural-regional",0,0,0,0,0,0,0,0,0.834920634920635,0.165079365079365,"14521570",184.924316817981,0,1522.910081035,0,0,"14"
"DESN075",22.74990437,2015,"EPSG:4979",12.138054,50.486138,343,"traffic","urban",0,0.54746835443038,0.313291139240506,0,0,0,0,0.132911392405063,0,0.00632911392405063,"14523320",641.282718294001,4199.45145198975,0,0,0,"14"
"DESN076",8.1895135,2015,"EPSG:4979",13.009406,51.303772,313,"background","rural-remote",0,0,0,0,0,0,0,0,0.452229299363057,0.547770700636943,"14730330",50.5391277317911,0,0,0,2275.21162230054,"14"
"DESN077",40.24325103,2015,"EPSG:4979",12.334686,51.335872,113,"traffic","urban",0,0.718354430379747,0.0379746835443038,0,0,0,0,0.224683544303797,0,0,"14713000",1871.6834572385,2232.85054351168,0,0,0,"14"
"DESN079",7.92364248,2015,"EPSG:4979",14.749731,51.285356,148,"background","rural-regional",0,0.0926517571884984,0,0,0,0,0,0,0.434504792332268,0.121405750798722,"14626440",41.1635576282213,0,1919.28345236196,0,949.290107954465,"14"
"DESN084",49.41607839,2015,"EPSG:4979",13.731608,51.026294,150,"traffic","urban",0,0.564102564102564,0.314102564102564,0,0,0,0,0.121794871794872,0,0,"14612000",1653.57054014841,1997.44159830156,1062.65768270576,0,0,"14"
"DESN091",25.59806626,2015,"EPSG:4979",12.486621,50.720405,267,"traffic","urban",0,0.642405063291139,0.170886075949367,0.0379746835443038,0,0,0,0.14873417721519,0,0,"14524330",880.604746777102,4780.57365502192,0,0,0,"14"
"DESN092",18.25904453,2015,"EPSG:4979",13.730205,51.036105,112,"background","urban",0,0.626582278481013,0.306962025316456,0.0664556962025316,0,0,0,0,0,0,"14612000",1653.57054014841,3030.90463604653,595.30015781567,0,0,"14"
"DESN093",9.76137407,2015,"EPSG:4979",12.211112,50.608136,430,"background","rural-regional",0,0.0926517571884984,0,0,0,0,0,0,0.670926517571885,0.236421725239617,"14523260",323.535067247866,0,0,0,0,"14"
"DEST002",13.05793703,2015,"EPSG:4979",11.864763,52.268354,47,"background","suburban",0,0.660377358490566,0,0,0,0,0,0.226415094339623,0.113207547169811,0,"15086015",138.441954996548,3130.16787325914,0,0,650.032216108895,"15"
"DEST011",13.64515896,2015,"EPSG:4979",10.790143,51.839382,235,"background","urban",0,0.817307692307692,0.102564102564103,0,0,0,0,0.0641025641025641,0,0.016025641025641,"15085370",195.015148265035,3021.95362523343,0,0,0,"15"
"DEST015",14.64222733,2015,"EPSG:4979",12.302866,51.651166,75,"industrial","suburban",0,0.302547770700637,0.296178343949045,0,0,0,0,0,0.277070063694268,0.124203821656051,"15082015",463.222001824485,0,0,0,0,"15"
"DEST029",20.11240384,2015,"EPSG:4979",11.738962,51.803534,60,"background","suburban",0,0.431309904153355,0.159744408945687,0,0,0,0,0.293929712460064,0,0,"15089030",297.437760181513,2290.41071721279,1967.48370774141,0,0,"15"
"DEST039",3.3871922,2015,"EPSG:4979",10.618275,51.798629,1130,"background","rural-remote",0,0,0,0,0,0,0,0,0,0.884244372990354,"15085370",195.015148265035,0,0,0,0,"15"
"DEST044",13.03068248,2015,"EPSG:4979",11.057442,51.896982,120,"background","urban",0,0.752380952380952,0.215873015873016,0.00952380952380952,0,0,0,0,0.0222222222222222,0,"15085135",306.09449486352,3726.15754937836,0,0,0,"15"
"DEST050",18.21465573,2015,"EPSG:4979",11.979056,51.496185,116,"background","urban",0,0.687697160883281,0.170347003154574,0.0126182965299685,0,0,0,0.0946372239747634,0.0347003154574132,0,"15002000",1743.51072402839,2186.56793330853,0,0,0,"15"
"DEST066",11.59115863,2015,"EPSG:4979",12.663663,51.870852,71,"background","urban",0,0.697160883280757,0.082018927444795,0,0,0,0,0.0725552050473186,0.0189274447949527,0,"15091375",191.842425983093,2728.91148051963,0,0,0,"15"
"DEST075",34.59431484,2015,"EPSG:4979",11.983406,51.475164,113,"traffic","urban",0.0317460317460317,0.463492063492064,0.244444444444444,0.257142857142857,0,0,0,0.00317460317460317,0,0,"15002000",1743.51072402839,3979.13909378531,0,0,0,"15"
"DEST077",17.58713215,2015,"EPSG:4979",11.611464,52.127899,58,"background","urban",0,0.617363344051447,0.144694533762058,0.0836012861736334,0,0,0,0.154340836012862,0,0,"15003000",1174.02111827705,1609.705929071,0,0,0,"15"
"DEST089",6.28049625,2015,"EPSG:4979",11.172327,52.593136,95,"background","rural-regional",0,0,0,0,0,0,0,0,0,1,"15081280",36.8090922110822,0,0,0,0,"15"
"DEST090",13.90287523,2015,"EPSG:4979",12.032141,51.321364,96,"industrial","suburban",0,0.413461538461538,0.0480769230769231,0,0,0,0,0,0.503205128205128,0.0352564102564103,"15088205",157.633222169717,0,0,0,0,"15"
"DEST091",20.61393212,2015,"EPSG:4979",12.244764,51.840576,61,"traffic","urban",0,0.717948717948718,0.016025641025641,0,0,0,0,0.253205128205128,0,0.0128205128205128,"15001000",336.313708669724,2242.67880160285,0,0,0,"15"
"DEST092",32.46390882,2015,"EPSG:4979",12.59827,51.867471,73,"traffic","urban",0,0.487179487179487,0.128205128205128,0,0,0,0,0.00320512820512821,0.336538461538462,0,"15091375",191.842425983093,1988.69389917316,0,0,0,"15"
"DEST095",27.49361355,2015,"EPSG:4979",11.449438,51.759554,125,"traffic","urban",0,0.821086261980831,0.00958466453674121,0,0,0,0,0.115015974440895,0.0479233226837061,0.00638977635782748,"15089015",176.946316652341,1933.26058130406,0,0,382.459791480015,"15"
"DEST098",4.74199084,2015,"EPSG:4979",11.043386,51.662435,419,"background","rural-regional",0,0,0,0,0,0,0,0,0.440894568690096,0.559105431309904,"15085145",48.791057530951,0,0,0,0,"15"
"DEST102",48.59622402,2015,"EPSG:4979",11.981314,51.494756,118,"traffic","urban",0,0.610932475884244,0.189710610932476,0.0739549839228296,0,0,0,0.0578778135048231,0.067524115755627,0,"15002000",1743.51072402839,2412.49325240341,0,0,0,"15"
"DEST103",34.01210926,2015,"EPSG:4979",11.632669,52.12076,53,"traffic","urban",0,0.410094637223975,0.0189274447949527,0.10410094637224,0,0,0,0.381703470031546,0,0,"15003000",1174.02111827705,0,0,0,0,"15"
"DEST104",8.87279589,2015,"EPSG:4979",11.891412,51.837306,72,"background","rural",0,0.0673076923076923,0,0,0,0,0,0,0.932692307692308,0,"15082256",63.0732775537443,0,0,0,1896.77297064869,"15"
"DEST105",11.33846317,2015,"EPSG:4979",11.850274,52.602056,35,"background","urban",0,0.762820512820513,0.0897435897435897,0.0576923076923077,0,0,0,0.0897435897435897,0,0,"15090535",149.30046907173,0,1012.20164721749,0,83.3323034790339,"15"
"DEST108",17.95532599,2015,"EPSG:4979",11.96096,51.197249,116,"traffic","urban",0,0.710610932475884,0,0.00321543408360129,0,0,0,0.218649517684887,0.067524115755627,0,"15084550",355.683735494978,2464.30780460033,898.056718416088,0,0,"15"
"DETH005",14.82663318,2015,"EPSG:4979",11.368875,50.651182,210,"background","urban",0,0.501597444089457,0.233226837060703,0.153354632587859,0,0,0,0.0479233226837061,0.060702875399361,0.00319488817891374,"16073077",512.74465076561,2929.43389611406,0,0,0,"16"
"DETH009",17.04569986,2015,"EPSG:4979",12.07471,50.877317,190,"background","urban",0,0.564668769716088,0.126182965299685,0.0315457413249211,0,0,0,0.154574132492114,0,0.123028391167192,"16052000",629.82330379204,808.048714455934,0,0,0,"16"
"DETH011",18.35976805,2015,"EPSG:4979",12.437621,50.987758,185,"background","urban",0,0.945686900958466,0,0,0,0,0,0.0543130990415335,0,0,"16077001",712.590967389143,0,0,0,0,"16"
"DETH013",15.75320686,2015,"EPSG:4979",10.317236,50.978292,210,"background","urban",0,0.886075949367089,0,0.0189873417721519,0,0,0,0.0221518987341772,0,0.0727848101265823,"16056000",405.89043903645,1641.85722209491,0,0,0,"16"
"DETH018",18.02609221,2015,"EPSG:4979",10.791404,51.497195,185,"background","urban",0,0.598726114649682,0.261146496815287,0.140127388535032,0,0,0,0,0,0,"16062041",397.429557193959,2484.49102960581,0,0,0,"16"
"DETH020",22.90074573,2015,"EPSG:4979",11.037924,50.979455,195,"background","urban",0.265822784810127,0.670886075949367,0.00316455696202532,0.060126582278481,0,0,0,0,0,0,"16051000",776.53520763061,0,0,0,2107.68379825191,"16"
"DETH026",10.97715295,2015,"EPSG:4979",10.375299,50.561754,450,"background","rural-regional",0,0.0923566878980892,0.299363057324841,0,0,0,0,0,0.343949044585987,0.264331210191083,"16066042",358.143462531849,0,1975.5867187375,0,0,"16"
"DETH027",8.56054125,2015,"EPSG:4979",11.134593,50.499955,840,"background","rural-remote",0,0.167721518987342,0.113924050632911,0,0,0,0,0,0.0569620253164557,0.661392405063291,"16072013",85.5623677887836,1086.75449123274,0,0,0,"16"
"DETH036",16.8442363,2015,"EPSG:4979",12.205199,50.655861,265,"background","urban",0,0.892405063291139,0,0,0,0,0,0.0379746835443038,0.0506329113924051,0.0189873417721519,"16076022",274.693125168678,2341.07185172695,0,0,0,"16"
"DETH041",19.86318228,2015,"EPSG:4979",11.597062,50.933513,140,"background","urban",0,0.619808306709265,0.137380191693291,0,0,0,0,0.242811501597444,0,0,"16053000",952.652155052288,4677.32777683934,0,0,0,"16"
"DETH042",8.04030887,2015,"EPSG:4979",10.867188,51.333333,420,"background","rural-remote",0,0,0,0,0,0,0,0,0,1,"16065067",109.533456691762,0,0,0,0,"16"
"DETH043",37.17352103,2015,"EPSG:4979",11.019353,50.984874,195,"traffic","urban",0.0416666666666667,0.676282051282051,0.169871794871795,0,0,0,0,0.032051282051282,0.0801282051282051,0,"16051000",776.53520763061,0,0,0,0,"16"
"DETH060",16.23580998,2015,"EPSG:4979",10.668641,50.653245,490,"background","urban",0,0.65615141955836,0.205047318611987,0,0,0,0,0,0.0851735015772871,0.0536277602523659,"16066092",375.987908066912,2119.4118047078,0,0,0,"16"
"DETH061",7.41623561,2015,"EPSG:4979",11.661233,50.791616,357,"background","rural-remote",0,0,0,0,0,0,0,0,0.00949367088607595,0.990506329113924,"16074102",31.2905002429159,0,0,0,0,"16"
"DETH072",28.9321209,2015,"EPSG:4979",10.693092,50.61153,430,"traffic","urban",0,0.646496815286624,0.0828025477707006,0,0,0,0,0.111464968152866,0,0.159235668789809,"16054000",358.962162546914,0,2654.45075693777,0,587.337252817681,"16"
"DETH083",26.44893284,2015,"EPSG:4979",11.32607,50.977462,220,"traffic","urban",0,0.806349206349206,0.00317460317460317,0,0,0,0,0.184126984126984,0,0.00634920634920635,"16055000",759.215112259568,3016.19944822142,0,0,0,"16"
"DETH091",29.54693332,2015,"EPSG:4979",10.448476,51.205466,220,"traffic","urban",0,0.939490445859873,0,0,0,0,0,0.00636942675159236,0.054140127388535,0,"16064046",395.476988755167,2128.56570714479,964.284017244984,0,0,"16"
"DETH093",20.03394316,2015,"EPSG:4979",11.3204,50.982544,224,"background","urban",0,0.913738019169329,0.0575079872204473,0,0,0,0,0.0223642172523962,0,0.00638977635782748,"16055000",759.215112259568,2621.92555149315,0,0,0,"16"
"DETH094",34.73834791,2015,"EPSG:4979",10.465835,51.208535,205,"traffic","urban",0,0.826366559485531,0.157556270096463,0,0,0,0,0,0,0.0160771704180064,"16064046",395.476988755167,4184.81315388677,542.429866946985,0,0,"16"
"DETH095",18.22867315,2015,"EPSG:4979",10.450997,51.207944,215,"background","urban",0,1,0,0,0,0,0,0,0,0,"16064046",395.476988755167,2001.19556562765,1129.17513698225,0,0,"16"
"DEUB001",5.42741476,2015,"EPSG:4979",8.308208,54.924967,12,"background","rural",0,0.278481012658228,0,0,0,0,0,0,0,0,"01054168",225.230118447866,0,0,0,0,"01"
"DEUB004",2.5253961,2015,"EPSG:4979",7.908035,47.913256,1205,"background","rural-regional",0,0,0,0,0,0,0,0,0.31629392971246,0.68370607028754,"08315084",42.9998320897693,0,4.84622441527002,0,0,"08"
"DEUB005",7.13953807,2015,"EPSG:4979",10.756733,52.800773,74,"background","rural",0,0,0,0,0,0,0,0,0.594249201277955,0.405750798722045,"03360013",22.1509899082285,0,0,0,0,"03"
"DEUB028",5.01209956,2015,"EPSG:4979",12.721938,54.436985,1,"background","rural",0,0,0.0377358490566038,0,0,0,0,0,0.584905660377358,0.122641509433962,"13073105",60.7999592252834,0,0,0,0,"13"
"DEUB029",4.54283139,2015,"EPSG:4979",10.769534,50.654066,937,"background","rural",0,0,0,0,0,0,0,0,0,1,"16054000",358.962162546914,0,987.222930775244,0,384.481253560501,"16"
"DEUB030",4.60735479,2015,"EPSG:4979",13.031662,53.141303,65,"background","rural-regional",0,0.00318471337579618,0,0,0,0,0,0,0,0.656050955414013,"12065310",14.0263375440395,0,0,0,0,"12"
"DEUB046",5.95548546,2015,"EPSG:4979",13.420573,48.947611,858,"background","rural-remote",0,0,0,0,0,0,0,0,0,0.721518987341772,"09272143",70.1502527787579,0,0,0,0,"09"
