"","AQeCode","AQeYMean","Year","Projection","AQeLon","AQeLat","AQeAlt","AQeType","AQeArea","AQeInletHeight","HighDens","LowDens","Ind","Transp","Seap","Airp","Constr","UrbGreen","Agri","Forest","AGS","GEN","NUTS","BBSRArea","BBSRArea2","BBSRpopDens","PriRoad","SecRoad","NatMot","LocRoute"
"1","DESH033",15.93546396,2015,"EPSG:4979",10.116563,54.309674,29,"background","urban",3.5,0.0949367088607595,0.819620253164557,0.0221518987341772,0.0348101265822785,0,0,0,0.0284810126582278,0,0,"01002000","Kiel","DEF02","urban","zentral",2075.90391908976,1997.666572605,478.113050198583,0,0
"2","DESH023",13.3995956,2015,"EPSG:4979",10.695936,53.835492,12,"background","urban",3.5,0,0.40952380952381,0.196825396825397,0,0,0,0,0.149206349206349,0.244444444444444,0,"01003000","Lübeck","DEF03","urban","sehr zentral",1009.53736987069,1763.1193584739,0,0,0
"3","DEUB001",5.42741476,2015,"EPSG:4979",8.308208,54.924967,12,"background","rural",10.5,0,0.278481012658228,0,0,0,0,0,0,0,0,"01054168","Sylt","DEF07","urban","sehr peripher",234.699930216329,0,0,0,0
"4","DESH008",9.42188995,2015,"EPSG:4979",10.240596,54.09323,45,"background","rural-regional",3.5,0,0,0,0,0,0,0,0,0.509554140127389,0.251592356687898,"01057005","Belau","DEF0A","rural","peripher",61.7369073442826,0,0,0,0
"5","DEHH008",26.8782785,2015,"EPSG:4979",9.967882,53.56414,15,"background","urban",3.5,0,0.663461538461538,0.211538461538462,0,0,0,0,0.125,0,0,"02000000","Hamburg","DE600","urban","sehr zentral",2366.4874884152,1135.2237493152,0,0,538.836542651391
"6","DEHH021",15.16101439,2015,"EPSG:4979",10.083646,53.487669,2,"background","suburban",3.5,0,0.167741935483871,0,0,0,0,0,0.374193548387097,0.264516129032258,0,"02000000","Hamburg","DE600","urban","sehr zentral",2366.4874884152,0,0,0,0
"7","DEHH033",21.39557108,2015,"EPSG:4979",9.998009,53.638291,13,"background","urban",3.5,0,0.280757097791798,0,0,0,0.643533123028391,0,0.0757097791798107,0,0,"02000000","Hamburg","DE600","urban","sehr zentral",2366.4874884152,2790.11177625696,0,0,492.256091743562
"8","DEHH047",16.76258079,2015,"EPSG:4979",10.110595,53.63074,31,"background","suburban",3.5,0,0.914556962025316,0,0,0,0,0,0.0854430379746835,0,0,"02000000","Hamburg","DE600","urban","sehr zentral",2366.4874884152,0,0,0,0
"9","DEHH049",16.11579469,2015,"EPSG:4979",9.786234,53.568124,75,"background","suburban",3.5,0,0.296178343949045,0.101910828025478,0,0,0,0,0.423566878980892,0,0.133757961783439,"02000000","Hamburg","DE600","urban","sehr zentral",2366.4874884152,0,0,0,0
"10","DEHH050",13.46795642,2015,"EPSG:4979",9.857223,53.480927,3,"background","suburban",3.5,0,0.40952380952381,0,0,0,0,0,0.0380952380952381,0.552380952380952,0,"02000000","Hamburg","DE600","urban","sehr zentral",2366.4874884152,252.461549436068,0,0,0
"11","DEHH059",26.13682865,2015,"EPSG:4979",9.990569,53.50793,3,"background","urban",3.5,0,0.40952380952381,0.438095238095238,0.00317460317460317,0,0,0,0.149206349206349,0,0,"02000000","Hamburg","DE600","urban","sehr zentral",2366.4874884152,1490.62365393983,0,0,0
"12","DEHH074",31.12144221,2015,"EPSG:4979",10.102823,53.538531,18,"background","urban",3.5,0,0.55205047318612,0.44794952681388,0,0,0,0,0,0,0,"02000000","Hamburg","DE600","urban","sehr zentral",2366.4874884152,1980.36175262967,0,0,0
"13","DEHH079",31.12230262,2015,"EPSG:4979",9.944815,53.545269,25,"background","urban",3.5,0,0.579617834394904,0,0.00318471337579618,0.105095541401274,0,0,0,0,0,"02000000","Hamburg","DE600","urban","sehr zentral",2366.4874884152,0,0,0,0
"14","DENI011",15.29755041,2015,"EPSG:4979",10.47364,52.22694,98,"background","suburban",3.3,0,0.23961661341853,0,0,0,0,0,0,0.68370607028754,0.0766773162939297,"03101000","Braunschweig","DE911","urban","sehr zentral",1308.02934901389,0,0,0,0
"15","DENI020",20.1845588,2015,"EPSG:4979",10.81638,52.44081,66,"background","suburban",3.7,0,0.335463258785943,0,0,0,0,0,0.169329073482428,0.357827476038339,0.0543130990415335,"03103000","Wolfsburg","DE913","urban","zentral",607.825362602901,1972.67158692107,0,0,0
"16","DENI028",11.95815865,2015,"EPSG:4979",10.23854,51.50758,185,"background","suburban",3.3,0,0.114649681528662,0.461783439490446,0,0,0,0,0,0.423566878980892,0,"03152007","Duderstadt","DE915","suburban","peripher",220.372307048735,0,0,0,0
"17","DENI042",16.53556255,2015,"EPSG:4979",9.94976,51.55107,170,"background","suburban",4.65,0,0.366559485530547,0.37620578778135,0,0,0,0,0.118971061093248,0.118971061093248,0.0192926045016077,"03152012","Göttingen","DE915","urban","zentral",1017.31542475832,1790.26390913333,0,0,0
"18","DENI051",6.14238556,2015,"EPSG:4979",10.61248,51.75816,939,"background","rural",3.4,0,0,0,0,0,0,0,0,0,1,"03153016","Braunlage","DE916","rural","peripher",215.625990491284,0,0,0,0
"19","DENI016",10.31574115,2015,"EPSG:4979",10.48132,51.90158,208,"background","suburban",3.3,0,0.474358974358974,0.173076923076923,0,0,0,0.0288461538461538,0,0.0833333333333333,0.217948717948718,"03153017","Goslar","DE916","urban","peripher",310.194856758903,2108.55913852605,0,0,0
"20","DENI077",8.98356021,2015,"EPSG:4979",9.55462,51.70884,295,"background","rural",3.4,0,0,0,0,0,0,0,0,0.333333333333333,0.666666666666667,"03155012","Uslar","DE918","suburban","peripher",126.774704949797,1254.5639905787,0,0,0
"21","DENI054",19.19415209,2015,"EPSG:4979",9.70612,52.36292,85,"background","urban",3.35,0,0.438485804416404,0.312302839116719,0.056782334384858,0,0,0,0.192429022082019,0,0,"03241001","Hannover","DE929","urban","sehr zentral",2606.72544697526,2012.56531339681,0,0,0
"22","DENI041",14.36342084,2015,"EPSG:4979",9.06255,52.17017,54,"background","suburban",3.3,0,0.0705128205128205,0.205128205128205,0,0,0,0,0,0.724358974358974,0,"03257031","Rinteln","DE928","urban","zentral",230.925093976345,2064.24113299229,0,0,0
"23","DENI059",11.89503828,2015,"EPSG:4979",8.80122,53.83017,3,"background","rural",3.4,0,0,0,0,0,0,0,0,0.690095846645367,0,"03352011","Cuxhaven","DE932","suburban","peripher",298.073122529644,0,0,0,0
"24","DENI060",11.26930917,2015,"EPSG:4979",11.16705,52.95702,16,"background","rural",3.1,0,0.0253164556962025,0.174050632911392,0,0,0,0,0,0.800632911392405,0,"03354018","Lüchow (Wendland)","DE934","rural","sehr peripher",44.5889837304204,2559.37407810422,0,0,0
"25","DENI062",16.66755584,2015,"EPSG:4979",10.4565,53.24696,47,"background","suburban",3.1,0,0.218649517684887,0.585209003215434,0,0,0,0,0.0771704180064309,0,0.0353697749196141,"03355022","Lüneburg","DE935","urban","zentral",1053.05658231447,2530.19921980858,0,0,188.940439664992
"26","DENI052",13.0739389,2015,"EPSG:4979",9.62295,52.82943,38,"background","suburban",3.4,0,0.258785942492013,0,0,0,0,0,0,0.60702875399361,0.134185303514377,"03358022","Walsrode","DE938","suburban","zentral",85.7644147305433,0,0,0,0
"27","DENI063",13.95126052,2015,"EPSG:4979",9.68503,53.52418,3,"background","rural",3.3,0,0.302250803858521,0,0,0,0,0,0,0.697749196141479,0,"03359028","Jork","DE939","urban","peripher",193.543205910697,0,1158.76568085574,0,0
"28","DEUB005",7.13953807,2015,"EPSG:4979",10.756733,52.800773,74,"background","rural",6.95,0,0,0,0,0,0,0,0,0.594249201277955,0.405750798722045,"03360013","Lüder","DE93A","rural","sehr peripher",44.869459623558,0,0,0,0
"29","DENI029",16.66998474,2015,"EPSG:4979",7.20726,53.36235,1,"background","suburban",3.3,0,0.544303797468354,0.268987341772152,0,0.104430379746835,0,0,0.00632911392405063,0,0,"03402000","Emden","DE942","urban","peripher",451.174795300819,0,0,0,1274.88009082318
"30","DENI038",19.36842637,2015,"EPSG:4979",8.05286,52.25534,95,"background","urban",3.2,0,0.824281150159744,0,0,0,0,0,0.143769968051118,0,0.0319488817891374,"03404000","Osnabrück","DE944","urban","sehr zentral",1355.73086234243,1857.37589444138,0,0,0
"31","DENI031",11.14621369,2015,"EPSG:4979",8.09059,53.59617,2,"background","rural",3.2,0,0.10126582278481,0.00949367088607595,0,0,0,0.0474683544303797,0,0.708860759493671,0,"03405000","Wilhelmshaven","DE945","urban","peripher",710.831540548125,0,0,0,1975.63666101356
"32","DENI058",8.9534562,2015,"EPSG:4979",7.21398,53.7153,5,"background","rural",4.5,0,0,0,0,0,0.059748427672956,0,0,0,0,"03452020","Norderney","DE947","rural","sehr peripher",225.751236211487,0,0,0,0
"33","DENI043",15.37784952,2015,"EPSG:4979",7.31747,52.49855,30,"background","suburban",3.3,0,0.461783439490446,0.0286624203821656,0,0,0,0,0,0.222929936305732,0.280254777070064,"03454032","Lingen (Ems)","DE949","suburban","zentral",302.526542894453,1655.90297049841,0,0,0
"34","DEHB001",22.84807634,2015,"EPSG:4979",8.81578,53.077151,10,"background","urban",3.5,0.173501577287066,0.605678233438486,0.00630914826498423,0.107255520504732,0,0,0,0.0347003154574132,0,0,"04011000","Bremen","DE501","urban","sehr zentral",1712.32338125077,0,0,0,1446.29410808618
"35","DEHB002",21.21261899,2015,"EPSG:4979",8.916966,53.060045,7,"background","urban",3.5,0,0.414012738853503,0.302547770700637,0,0,0,0,0.197452229299363,0.0859872611464968,0,"04011000","Bremen","DE501","urban","sehr zentral",1712.32338125077,0,0,0,0
"36","DEHB004",19.52051449,2015,"EPSG:4979",8.625456,53.180946,20,"background","urban",3.5,0,0.974603174603175,0,0,0,0,0,0,0.0253968253968254,0,"04011000","Bremen","DE501","urban","sehr zentral",1712.32338125077,0,0,1957.74123174825,0
"37","DEHB012",22.27755815,2015,"EPSG:4979",8.735047,53.124561,8,"background","urban",3.5,0,0.304761904761905,0,0.114285714285714,0.393650793650794,0,0,0,0,0,"04011000","Bremen","DE501","urban","sehr zentral",1712.32338125077,0,0,0,0
"38","DEHB005",21.65266429,2015,"EPSG:4979",8.569405,53.562455,3,"background","urban",3.5,0,0.29746835443038,0.373417721518987,0,0.0284810126582278,0,0,0.136075949367089,0,0,"04012000","Bremerhaven","DE502","urban","zentral",1215.35919846515,0,0,0,0
"39","DENW071",25.28207955,2015,"EPSG:4979",6.732383,51.249211,32,"background","urban",3.5,0,0.375,0.0512820512820513,0,0,0,0,0.192307692307692,0.182692307692308,0,"05111000","Düsseldorf","DEA11","urban","sehr zentral",2815.77664320868,0,0,0,0
"40","DENW024",26.55889399,2015,"EPSG:4979",6.981045,51.496527,47,"background","urban",3.5,0,0.253164556962025,0.639240506329114,0,0,0,0.0664556962025316,0.00316455696202532,0,0,"05113000","Essen","DEA13","urban","sehr zentral",2769.91537510697,0,0,966.740465320056,0
"41","DENW247",33.41377051,2015,"EPSG:4979",6.965643,51.406968,153,"background","suburban",3.5,0,0.312302839116719,0,0,0,0.0157728706624606,0,0.195583596214511,0.476340694006309,0,"05113000","Essen","DEA13","urban","sehr zentral",2769.91537510697,0,0,1963.42276069944,0
"42","DENW038",26.00171979,2015,"EPSG:4979",6.865107,51.45346,37,"background","urban",3.5,0,0.552715654952077,0.297124600638978,0,0,0,0,0.150159744408946,0,0,"05117000","Mülheim an der Ruhr","DEA16","urban","sehr zentral",1854.4916739702,2280.37072839233,0,1917.02953257956,0
"43","DENW080",22.55888541,2015,"EPSG:4979",7.052634,51.183773,207,"background","suburban",3.5,0,0.737179487179487,0.118589743589744,0,0,0,0,0.144230769230769,0,0,"05122000","Solingen","DEA19","urban","sehr zentral",1772.68259995533,0,0,0,0
"44","DENW114",24.16631697,2015,"EPSG:4979",7.231895,51.277647,186,"background","urban",3.5,0,0.907348242811502,0.0926517571884984,0,0,0,0,0,0,0,"05124000","Wuppertal","DEA1A","urban","sehr zentral",2078.78140032068,2079.25802270552,0,0,0
"45","DENW078",25.83443196,2015,"EPSG:4979",6.819967,51.303919,41,"background","suburban",3.5,0,0.427215189873418,0.227848101265823,0,0,0,0,0.0854430379746835,0.107594936708861,0.0886075949367089,"05158028","Ratingen","DEA1C","urban","sehr zentral",991.018706333108,0,1652.89374691787,1643.62933632972,0
"46","DENW066",20.20407044,2015,"EPSG:4979",6.195868,51.326943,49,"background","rural-nearcity",3.5,0,0.40506329113924,0.145569620253165,0,0,0,0,0,0.449367088607595,0,"05166016","Nettetal","DEA1E","urban","sehr zentral",500.34577322046,105.296263455836,0,2060.00970020078,0
"47","DENW030",19.33927003,2015,"EPSG:4979",6.629576,51.672809,25,"background","suburban",3.5,0,0.578274760383387,0.242811501597444,0,0,0,0,0,0.178913738019169,0,"05170048","Wesel","DEA1F","urban","sehr zentral",494.41090078329,1072.78863036748,0,0,0
"48","DENW062",29.89228432,2015,"EPSG:4979",7.082676,50.75364,57,"background","suburban",3.5,0,0.638977635782748,0.233226837060703,0,0,0,0,0.0702875399361022,0,0,"05314000","Bonn","DEA22","urban","sehr zentral",2260.09499503757,0,0,1850.32371103657,0
"49","DENW059",31.23263624,2015,"EPSG:4979",6.985164,50.889814,45,"background","suburban",3.5,0,0.429487179487179,0,0,0,0,0,0.349358974358974,0,0.205128205128205,"05315000","Köln","DEA23","urban","sehr zentral",2618.59167448521,887.958722458212,0,1816.86649506421,0
"50","DENW053",24.9865366,2015,"EPSG:4979",6.884636,51.019345,45,"background","urban",3.5,0,0.562700964630225,0,0,0,0,0,0,0.337620578778135,0.00964630225080386,"05315000","Köln","DEA23","urban","sehr zentral",2618.59167448521,0,0,0,0
"51","DENW079",29.25676077,2015,"EPSG:4979",7.005063,51.028879,50,"background","suburban",3.5,0,0.695238095238095,0.155555555555556,0,0,0,0,0.13015873015873,0.019047619047619,0,"05316000","Leverkusen","DEA24","urban","sehr zentral",2072.86674274122,0,0,1856.34255355286,0
"52","DENW094",14.24568763,2015,"EPSG:4979",6.093923,50.754704,205,"background","urban",3.5,0,0.911392405063291,0,0,0,0,0,0.0221518987341772,0.0632911392405063,0.00316455696202532,"05334002","Aachen","DEA2D","urban","sehr zentral",1528.66024246192,1842.6170171615,0,0,0
"53","DENW064",5.95223749,2015,"EPSG:4979",6.281069,50.653236,572,"background","rural-regional",3.5,0,0,0,0,0,0,0,0,0.179487179487179,0.740384615384615,"05334028","Simmerath","DEA2D","suburban","zentral",137.630724846736,1913.53160832243,0,0,0
"54","DENW022",26.45053198,2015,"EPSG:4979",7.101786,51.533646,40,"background","suburban",3.5,0,0.538216560509554,0.159235668789809,0.114649681528662,0,0,0,0.0668789808917197,0,0.114649681528662,"05513000","Gelsenkirchen","DEA32","urban","sehr zentral",2481.11301696207,1979.34433984099,0,1968.08639347985,0
"55","DENW095",19.55349053,2015,"EPSG:4979",7.611581,51.936547,63,"background","urban",3.5,0,0.920382165605096,0.0414012738853503,0,0,0,0,0.0382165605095541,0,0,"05515000","Münster","DEA33","urban","sehr zentral",1022.28633605909,3930.05287527834,0,0,0
"56","DENW081",17.66019154,2015,"EPSG:4979",6.874554,51.862,45,"background","rural-nearcity",3.5,0,0.293929712460064,0.210862619808307,0,0,0,0,0,0.376996805111821,0.118210862619808,"05554012","Borken","DEA34","suburban","zentral",276.341766359417,0,2227.51735587946,0,0
"57","DENW002",20.31731004,2015,"EPSG:4979",7.331405,51.641383,80,"background","suburban",3.5,0,0.639240506329114,0.177215189873418,0,0,0,0.00316455696202532,0,0.126582278481013,0,"05562008","Datteln","DEA36","urban","sehr zentral",522.333182024512,1981.59923333216,0,0,0
"58","DENW067",22.41473548,2015,"EPSG:4979",8.548389,52.023169,102,"background","urban",3.5,0.0833333333333333,0.612179487179487,0.304487179487179,0,0,0,0,0,0,0,"05711000","Bielefeld","DEA41","urban","sehr zentral",1286.95618576617,357.484744084444,0,0,0
"59","DENW008",26.53087569,2015,"EPSG:4979",7.457463,51.536911,75,"background","urban",3.5,0,0.179487179487179,0.467948717948718,0,0,0,0,0.352564102564103,0,0,"05913000","Dortmund","DEA52","urban","sehr zentral",2088.20847137615,2093.50648055694,0,0,0
"60","DENW029",18.07669563,2015,"EPSG:4979",7.208572,51.403005,93,"background","suburban",3.5,0,0.585987261146497,0.117834394904459,0,0,0,0,0,0.296178343949045,0,"05954016","Hattingen","DEA56","urban","sehr zentral",767.875647668394,0,2130.75891362282,0,0
"61","DEHE046",9.43207072,2015,"EPSG:4979",8.928171,51.430897,343,"background","rural",3.5,0,0,0,0,0,0,0,0,1,0,"05958024","Marsberg","DEA57","suburban","peripher",109.581824168587,0,0,0,0
"62","DENW065",6.72669228,2015,"EPSG:4979",8.191932,50.930328,635,"background","rural-regional",3.5,0,0,0,0,0,0,0,0,0,0.987381703470032,"05970032","Netphen","DEA5A","suburban","zentral",170.26712278914,0,1777.78440146048,0,0
"63","DENW068",12.41404379,2015,"EPSG:4979",8.148061,51.570662,110,"background","rural-nearcity",3.5,0,0,0.00641025641025641,0,0,0,0,0,0.958333333333333,0.0352564102564103,"05974040","Soest","DEA5B","urban","sehr zentral",559.07236918774,1844.44693049773,0,0,0
"64","DENW006",24.36537833,2015,"EPSG:4979",7.569838,51.592206,58,"background","suburban",3.5,0,0.253164556962025,0,0,0,0,0,0,0.746835443037975,0,"05978024","Lünen","DEA5C","urban","sehr zentral",1445.8157939047,0,0,1703.93589651664,0
"65","DENW179",21.94589503,2015,"EPSG:4979",7.582295,51.448762,157,"background","urban",3.5,0,0.575079872204473,0.182108626198083,0,0,0,0,0,0.242811501597444,0,"05978028","Schwerte","DEA5C","urban","sehr zentral",830.926551662813,762.018202084539,0,0,0
"66","DENW010",20.96178816,2015,"EPSG:4979",7.693835,51.547495,72,"background","suburban",3.5,0,0.639871382636656,0.122186495176849,0,0,0,0,0,0.237942122186495,0,"05978036","Unna","DEA5C","urban","sehr zentral",667.468383017163,0,1860.9564826438,0,0
"67","DEHE001",25.26970356,2015,"EPSG:4979",8.664619,49.872303,158,"background","urban",3.5,0.0444444444444444,0.780952380952381,0.0698412698412698,0,0,0,0,0.104761904761905,0,0,"06411000","Darmstadt","DE711","urban","sehr zentral",1272.44655581948,3465.51124933197,1961.40750208558,0,0
"68","DEHE005",36.12854251,2015,"EPSG:4979",8.542517,50.10175,103,"background","urban",3.5,0,0.568690095846645,0.258785942492013,0.060702875399361,0,0,0,0,0.0638977635782748,0,"06412000","Frankfurt am Main","DE712","urban","sehr zentral",2950.69872336998,0,0,0,0
"69","DEHE008",34.25607048,2015,"EPSG:4979",8.746343,50.125332,100,"background","urban",3.5,0,0.115755627009646,0.745980707395498,0.0578778135048231,0,0,0,0.0739549839228296,0,0,"06412000","Frankfurt am Main","DE712","urban","sehr zentral",2950.69872336998,1979.92363433709,1595.96110054353,0,0
"70","DEHE022",28.61631541,2015,"EPSG:4979",8.244949,50.050343,121,"background","urban",3.5,0,0.598726114649682,0.124203821656051,0.0573248407643312,0,0,0,0.207006369426752,0,0.0127388535031847,"06414000","Wiesbaden","DE714","urban","sehr zentral",1354.5409964692,791.493377147716,0,2019.19258820106,0
"71","DEHE028",9.57384009,2015,"EPSG:4979",8.817251,49.653465,484,"background","rural",3.5,0,0,0,0,0,0,0,0,0.159744408945687,0.840255591054313,"06431007","Fürth","DE715","urban","zentral",272.455089820359,0,0,0,0
"72","DEHE018",29.1195748,2015,"EPSG:4979",8.451527,50.010325,90,"background","urban",3.5,0,0.674050632911392,0.10126582278481,0,0,0,0,0.0854430379746835,0.0506329113924051,0.0158227848101266,"06433010","Raunheim","DE717","urban","sehr zentral",1239.96827914354,1704.14358604809,0,0,0
"73","DEHE043",20.14056413,2015,"EPSG:4979",8.516798,49.825165,87,"background","rural-nearcity",3.5,0,0.0128205128205128,0.00961538461538462,0,0,0,0,0,0.926282051282051,0,"06433011","Riedstadt","DE717","urban","sehr zentral",311.921877119219,0,0,0,0
"74","DEHE052",7.70929542,2015,"EPSG:4979",8.446079,50.221941,811,"background","rural",3.5,0,0,0,0,0,0,0,0,0.0126182965299685,0.987381703470032,"06434003","Glashütten","DE718","suburban","sehr zentral",198.596231991134,0,1209.36807435144,0,0
"75","DEHE011",24.18263123,2015,"EPSG:4979",8.92157,50.13577,108,"background","urban",3.5,0.0981012658227848,0.674050632911392,0.14873417721519,0,0,0,0,0.0791139240506329,0,0,"06435014","Hanau","DE719","urban","sehr zentral",1211.17793175579,1927.5747873969,1555.09609482312,0,0
"76","DEHE026",7.97372826,2015,"EPSG:4979",9.399441,50.16443,502,"background","rural-regional",3.5,0,0.0189873417721519,0,0,0,0,0,0.00949367088607595,0.477848101265823,0.493670886075949,"06435016","Jossgrund","DE719","rural","peripher",68.1288282948034,0,2495.03961542411,0,0
"77","DEHE045",17.46495917,2015,"EPSG:4979",9.001981,49.672507,209,"background","urban",3.5,0,0.639871382636656,0.279742765273312,0,0,0,0,0,0.0803858520900322,0,"06437011","Michelstadt","DE71B","suburban","zentral",191.331340538055,2977.1469270814,0,0,0
"78","DEHE042",18.52167574,2015,"EPSG:4979",8.684397,50.532965,172,"background","rural",3.5,0,0.261829652996845,0,0,0,0,0,0,0.545741324921136,0.192429022082019,"06531012","Linden","DE721","urban","sehr zentral",559.815546772069,0,1880.70401149365,0,0
"79","DEHE044",24.77337032,2015,"EPSG:4979",8.060998,50.383217,128,"background","urban",3.5,0.133333333333333,0.507936507936508,0.168253968253968,0.114285714285714,0,0,0,0,0.0603174603174603,0,"06533009","Limburg a.d. Lahn","DE723","urban","zentral",758.693244739756,3487.03420344015,0,0,0
"80","DEHE030",24.53127056,2015,"EPSG:4979",8.769324,50.804258,182,"background","urban",3.5,0.0859872611464968,0.780254777070064,0,0,0,0,0,0.121019108280255,0.00955414012738853,0.00318471337579618,"06534014","Marburg","DE724","urban","zentral",595.836023240801,2017.68180126091,2687.69635814079,0,0
"81","DEHE039",8.81724051,2015,"EPSG:4979",9.459402,50.770381,491,"background","rural",3.5,0,0,0,0,0,0,0,0,0.195512820512821,0.80448717948718,"06535001","Alsfeld","DE725","suburban","peripher",124.466034389699,1610.44539245841,0,0,0
"82","DEHE013",22.34249978,2015,"EPSG:4979",9.483397,51.314248,181,"background","urban",3.5,0.20253164556962,0.610759493670886,0.0632911392405063,0.0791139240506329,0,0,0,0.0443037974683544,0,0,"06611000","Kassel","DE731","urban","zentral",1854.12998688893,1163.85009045092,0,0,0
"83","DEHE058",24.28883351,2015,"EPSG:4979",9.682162,50.549297,272,"background","urban",3.5,0.227564102564103,0.355769230769231,0.387820512820513,0,0,0,0,0.0128205128205128,0.016025641025641,0,"06631009","Fulda","DE732","urban","zentral",646.414840445982,2722.35692270485,0,0,0
"84","DEHE051",5.19923881,2015,"EPSG:4979",9.935862,50.497711,931,"background","rural",3.5,0,0,0,0,0,0.303225806451613,0,0,0.354838709677419,0.341935483870968,"06631010","Gersfeld (Rhön)","DE732","rural","peripher",61.6090410652344,0,619.888373032992,0,0
"85","DEHE032",15.33499409,2015,"EPSG:4979",9.80026,50.970024,204,"background","urban",3.5,0,0.652866242038217,0.0636942675159236,0.0923566878980892,0,0,0,0,0.191082802547771,0,"06632003","Bebra","DE733","suburban","peripher",148.312686885946,0,0,0,2569.51134571612
"86","DEHE050",9.26819465,2015,"EPSG:4979",9.271233,51.360755,489,"background","rural",3.5,0,0,0,0,0,0,0,0,0.194888178913738,0.623003194888179,"06633029","Zierenberg","DE734","rural","zentral",75.9043106437074,0,0,1618.58472090976,0
"87","DEHE060",7.19996472,2015,"EPSG:4979",9.031754,51.154843,483,"background","rural-regional",3.5,0,0,0,0,0,0,0,0,0,0.891373801916933,"06635009","Edertal","DE736","rural","peripher",54.3679253434719,0,0,0,0
"88","DEHE024",6.78109259,2015,"EPSG:4979",9.774588,51.291757,610,"background","rural",3.5,0,0,0,0,0,0,0,0,0,0.996845425867508,"06636200","Gutsbezirk Kaufunger Wald","DE737","rural","peripher",0,0,0,0,0
"89","DERP016",8.05898114,2015,"EPSG:4979",7.9735,50.766751,480,"background","rural",3.5,0,0.00964630225080386,0,0,0,0,0,0,0.0160771704180064,0.97427652733119,"07132050","Herdorf","DEB13","urban","zentral",230.482095406808,0,0,0,0
"90","DERP022",24.39571609,2015,"EPSG:4979",7.866208,49.842136,108,"background","urban",3.5,0.0946372239747634,0.577287066246057,0.296529968454259,0,0,0,0,0,0.0220820189274448,0.00946372239747634,"07133006","Bad Kreuznach","DEB14","urban","zentral",888.117921984541,1879.53476373245,0,0,0
"91","DERP014",6.00266206,2015,"EPSG:4979",7.193486,49.741035,650,"background","rural",3.5,0,0,0,0,0,0,0,0,0,1,"07134084","Siesbach","DEB15","rural","peripher",93.906271989492,0,0,0,0
"92","DERP021",23.10821446,2015,"EPSG:4979",7.481394,50.424674,65,"background","urban",3.5,0,0.257234726688103,0.334405144694534,0,0,0,0,0.0932475884244373,0.295819935691318,0,"07138045","Neuwied","DEB18","urban","zentral",743.815028901734,2478.05651480648,1544.87768426422,0,0
"93","DERP028",9.5882628,2015,"EPSG:4979",7.7299,50.4243,546,"background","rural",3.5,0,0,0,0,0,0,0,0,0,1,"07143048","Montabaur","DEB1B","urban","zentral",256.509676993196,0,0,0,0
"94","DERP015",6.45867509,2015,"EPSG:4979",6.3781,50.2665,680,"background","rural",3.5,0,0,0,0,0,0,0,0,0,1,"07232227","Gondenbrett","DEB23","rural","peripher",46.0572975993466,0,0,0,0
"95","DERP019",22.77030316,2015,"EPSG:4979",7.7673,49.446,232,"background","urban",3.5,0.140575079872204,0.837060702875399,0.0223642172523962,0,0,0,0,0,0,0,"07312000","Kaiserslautern","DEB32","urban","zentral",705.02361528553,380.875245173201,0,0,1725.34641316743
"96","DERP001",25.1165092,2015,"EPSG:4979",8.402374,49.515052,91,"background","urban",3.5,0,0.422712933753943,0.189274447949527,0,0,0,0,0.0504731861198738,0.334384858044164,0.00315457413249211,"07314000","Ludwigshafen am Rhein","DEB34","urban","sehr zentral",2124.02321083172,0,0,0,0
"97","DERP007",23.18246893,2015,"EPSG:4979",8.216498,50.017078,120,"background","urban",3.5,0,0.520766773162939,0.0511182108626198,0,0,0,0,0.10223642172524,0.319488817891374,0.00638977635782748,"07315000","Mainz","DEB35","urban","sehr zentral",2146.2962962963,0,67.4030095524835,1381.9782143085,0
"98","DERP009",39.00167057,2015,"EPSG:4979",8.273965,49.994975,110,"background","urban",3.5,0.0851735015772871,0.67192429022082,0,0.00630914826498423,0,0,0,0.0977917981072555,0,0,"07315000","Mainz","DEB35","urban","sehr zentral",2146.2962962963,1487.92196711208,1704.8754095052,0,0
"99","DERP060",17.83194114,2015,"EPSG:4979",7.614573,49.191996,378,"background","urban",3.5,0,0.677215189873418,0,0,0,0,0,0,0.0126582278481013,0.310126582278481,"07317000","Pirmasens","DEB37","urban","zentral",653.821085220792,0,2764.69283680499,0,0
"100","DERP053",31.55038443,2015,"EPSG:4979",8.423005,49.351143,103,"background","suburban",3.5,0,0.329113924050633,0.10126582278481,0,0,0,0,0,0.107594936708861,0.379746835443038,"07318000","Speyer","DEB38","urban","sehr zentral",1180.37558685446,1908.40567949337,850.547162374306,1917.63105394588,0
"101","DERP025",18.95252111,2015,"EPSG:4979",8.253547,49.052321,104,"background","urban",3.5,0,0.610932475884244,0,0,0,0,0.0160771704180064,0,0.106109324758842,0.266881028938907,"07334501","Wörth am Rhein","DEB3E","suburban","sehr zentral",134.039805530234,0,0,1203.87513443515,0
"102","DERP013",8.06573256,2015,"EPSG:4979",7.293522,49.423137,455,"background","rural",3.5,0,0.00964630225080386,0,0,0,0,0,0,0.781350482315113,0.209003215434084,"07336017","Dunzweiler","DEB3G","rural","zentral",287.372634643377,0,0,0,0
"103","DERP017",6.33975919,2015,"EPSG:4979",7.826521,49.270263,606,"background","rural",3.5,0,0,0,0,0,0,0,0,0,1,"07340031","Merzalben","DEB3K","rural","zentral",115.033578768509,0,0,0,0
"104","DEBW013",32.31217978,2015,"EPSG:4979",9.229745,48.8088,235,"background","urban",3.5,0.205128205128205,0.673076923076923,0.0448717948717949,0,0,0,0,0.0641025641025641,0.0128205128205128,0,"08111000","Stuttgart","DE111","urban","sehr zentral",3008.14082469255,0,0,0,0
"105","DEBW112",14.88304093,2015,"EPSG:4979",8.904442,48.645608,466,"background","suburban",3.5,0,0.439102564102564,0.121794871794872,0,0,0,0,0,0.439102564102564,0,"08115015","Gärtringen","DE112","urban","sehr zentral",541.331228624046,0,0,0,253.893250474087
"106","DEBW042",31.43543123,2015,"EPSG:4979",9.227769,48.678069,370,"background","suburban",3.5,0,0.49211356466877,0,0,0,0,0,0,0.50788643533123,0,"08116077","Filderstadt","DE113","urban","sehr zentral",1166.71854734112,1943.57241802595,0,0,0
"107","DEBW024",27.45700302,2015,"EPSG:4979",9.172792,48.899233,302,"background","suburban",3.5,0.0906148867313916,0.543689320388349,0.216828478964401,0,0,0,0,0,0.142394822006472,0.00647249190938511,"08118048","Ludwigsburg","DE115","urban","sehr zentral",2144.70588235294,1087.22123731528,327.594584421203,0,0
"108","DEBW015",30.42363615,2015,"EPSG:4979",9.224786,49.165508,157,"background","suburban",3.5,0,0.0737179487179487,0.503205128205128,0,0.00320512820512821,0,0,0,0.403846153846154,0.016025641025641,"08121000","Heilbronn","DE117","urban","sehr zentral",1227.1425710853,2001.94258194586,0,0,0
"109","DEBW056",19.63400436,2015,"EPSG:4979",9.733231,49.107878,306,"background","suburban",3.5,0.0993589743589744,0.653846153846154,0.118589743589744,0,0,0,0,0,0.092948717948718,0.0352564102564103,"08127076","Schwäbisch Hall","DE11A","suburban","zentral",271.377697459339,1434.77495491433,1020.98846191688,0,0
"110","DEBW059",14.17186587,2015,"EPSG:4979",9.657919,49.634841,177,"background","suburban",3.5,0,0.121794871794872,0.259615384615385,0,0,0,0,0,0.602564102564103,0.016025641025641,"08128115","Tauberbischofsheim","DE11B","suburban","zentral",101.821659927829,0,1815.46970847812,0,0
"111","DEBW029",23.24810716,2015,"EPSG:4979",10.096292,48.847917,424,"background","suburban",3.5,0.126582278481013,0.338607594936709,0.262658227848101,0,0,0,0,0,0.253164556962025,0.0189873417721519,"08136088","Aalen","DE11D","urban","zentral",356.419764117227,0,2042.38192336774,0,0
"112","DEBW076",16.19792395,2015,"EPSG:4979",8.220214,48.773072,148,"background","suburban",3.5,0,0.5,0,0,0,0,0,0,0,0.5,"08211000","Baden-Baden","DE121","urban","zentral",386.277726267741,2012.90636150697,0,0,0
"113","DEBW081",24.38074194,2015,"EPSG:4979",8.355628,49.028594,114,"background","urban",3.5,0,0.562300319488818,0.389776357827476,0,0,0,0,0,0.0447284345047923,0,"08212000","Karlsruhe","DE122","urban","sehr zentral",1774.21307506053,1937.6245783903,0,0,0
"114","DEBW004",24.45101921,2015,"EPSG:4979",8.40666,49.07655,109,"background","rural-nearcity",3.5,0,0.199367088607595,0,0,0,0,0,0,0.357594936708861,0.443037974683544,"08215102","Eggenstein-Leopoldshafen","DE123","urban","zentral",610.157148332695,2004.19280171933,0,0,0
"115","DEBW009",26.60805306,2015,"EPSG:4979",8.6767,49.419528,112,"background","urban",3.5,0.0221518987341772,0.515822784810127,0.316455696202532,0,0,0,0,0,0.120253164556962,0,"08221000","Heidelberg","DE125","urban","sehr zentral",1435.88165028025,1216.2719099811,0,0,0
"116","DEBW010",19.76293103,2015,"EPSG:4979",8.700103,49.300731,162,"background","suburban",3.5,0,0.471153846153846,0.21474358974359,0,0,0,0,0,0.147435897435897,0.166666666666667,"08226098","Wiesloch","DE128","urban","sehr zentral",666.52182127338,0,0,0,0
"117","DEBW033",26.55009319,2015,"EPSG:4979",8.665536,48.889039,278,"background","urban",3.5,0,0.507987220447284,0.198083067092652,0,0,0,0,0.281150159744409,0.012779552715655,0,"08231000","Pforzheim","DE129","urban","sehr zentral",1247.41836734694,2033.44510450885,0,0,0
"118","DEBW084",19.46076833,2015,"EPSG:4979",7.832122,48.001511,262,"background","urban",3.5,0.0253164556962025,0.585443037974684,0.306962025316456,0,0,0,0,0.0822784810126582,0,0,"08311000","Freiburg im Breisgau","DE131","urban","sehr zentral",1479.11276623546,2694.32043085513,0,0,1977.9431242796
"119","DEBW073",19.96183827,2015,"EPSG:4979",7.567969,47.819019,223,"background","suburban",3.5,0,0.582802547770701,0.0222929936305732,0,0,0,0,0,0.340764331210191,0.054140127388535,"08315076","Neuenburg am Rhein","DE132","rural","sehr zentral",273.821396192203,2130.60340920346,0,1199.17703954108,0
"120","DEUB004",2.5253961,2015,"EPSG:4979",7.908035,47.913256,1205,"background","rural-regional",12,0,0,0,0,0,0,0,0,0.31629392971246,0.68370607028754,"08315084","Oberried","DE132","rural","zentral",132.986383870123,0,4.84622441527002,0,0
"121","DEBW031",4.23161335,2015,"EPSG:4979",7.764528,47.809892,904,"background","rural-regional",3.5,0,0,0,0,0,0,0,0,0.00946372239747634,0.990536277602524,"08315111","Sulzburg","DE132","rural","zentral",262.083807048887,0,0,0,0
"122","DEBW039",15.15470643,2015,"EPSG:4979",8.463597,48.048656,700,"background","suburban",3.5,0.0318471337579618,0.251592356687898,0.347133757961783,0,0,0,0,0,0.308917197452229,0.0605095541401274,"08326074","Villingen-Schwenningen","DE136","urban","zentral",399.084337349398,1021.37807197733,699.56721622714,0,0
"123","DEBW052",23.07802492,2015,"EPSG:4979",9.169289,47.664361,403,"background","urban",3.5,0.107936507936508,0.473015873015873,0.13968253968254,0,0,0,0,0,0.114285714285714,0,"08335043","Konstanz","DE138","urban","zentral",1019.69583377959,2535.34684096256,0,0,2551.17975073943
"124","DEBW023",17.99277641,2015,"EPSG:4979",7.633271,47.588152,275,"background","suburban",3.5,0,0.441269841269841,0,0,0,0,0,0.0507936507936508,0.288888888888889,0.219047619047619,"08336091","Weil am Rhein","DE139","urban","sehr zentral",1542.37288135593,1642.69096386727,0,0,0
"125","DEBW027",26.65798774,2015,"EPSG:4979",9.20732,48.488887,385,"background","urban",3.5,0.188679245283019,0.707547169811321,0.10377358490566,0,0,0,0,0,0,0,"08415061","Reutlingen","DE141","urban","sehr zentral",1313.00252699288,2920.55022568032,1214.52316585638,0,0
"126","DEBW087",7.57137711,2015,"EPSG:4979",9.207639,48.345778,798,"background","rural-regional",3.5,0,0.0571428571428571,0,0,0,0,0,0,0.942857142857143,0,"08415091","Sonnenbühl","DE141","rural","peripher",115.360757427359,0,0,0,0
"127","DEBW107",21.90152485,2015,"EPSG:4979",9.051178,48.507703,325,"background","suburban",3.5,0,0.458333333333333,0.0833333333333333,0.092948717948718,0,0,0,0.121794871794872,0.240384615384615,0.00320512820512821,"08416041","Tübingen","DE142","urban","zentral",808.953015168331,3514.82353734718,0,0,0
"128","DEBW019",28.88872075,2015,"EPSG:4979",9.979031,48.396836,481,"background","urban",3.5,0.125,0.362179487179487,0.33974358974359,0.144230769230769,0,0,0,0.0288461538461538,0,0,"08421000","Ulm","DE144","urban","zentral",1033.24627180049,4307.93129645905,0,0,0
"129","DEBW046",18.02873429,2015,"EPSG:4979",9.800325,48.089886,534,"background","suburban",3.5,0,0.466666666666667,0.292063492063492,0,0,0,0,0.136507936507936,0.0603174603174603,0.0444444444444444,"08426021","Biberach an der Riß","DE146","suburban","peripher",197.48949789958,3720.12366974573,0,0,0
"130","DEBW038",26.24145573,2015,"EPSG:4979",9.485675,47.660056,404,"background","urban",3.5,0.0288461538461538,0.605769230769231,0.278846153846154,0,0,0.00641025641025641,0,0.0769230769230769,0,0,"08435016","Friedrichshafen","DE147","urban","zentral",827.626262626263,3965.84529540734,0,0,0
"131","DEBY039",33.18022309,2015,"EPSG:4979",11.554669,48.154534,521,"background","urban",3.5,0.221864951768489,0.52411575562701,0.241157556270096,0,0,0,0,0.0128617363344051,0,0,"09162000","München","DE212","urban","sehr zentral",4668.10749919537,0,0,0,0
"132","DEBY089",22.50312578,2015,"EPSG:4979",11.648036,48.173194,513,"background","suburban",3.5,0,0.348101265822785,0.132911392405063,0,0,0,0,0.0316455696202532,0.487341772151899,0,"09162000","München","DE212","urban","sehr zentral",4668.10749919537,0,0,0,0
"133","DEBY189",25.86124856,2015,"EPSG:4979",11.46445,48.18169,510,"background","suburban",3.1,0,0.7491961414791,0.0932475884244373,0,0,0,0,0.0803858520900322,0.0771704180064309,0,"09162000","München","DE212","urban","sehr zentral",4668.10749919537,0,0,0,0
"134","DEBY012",23.03092507,2015,"EPSG:4979",12.829314,48.177175,420,"background","suburban",3.5,0,0.440514469453376,0.180064308681672,0,0,0,0,0.112540192926045,0.154340836012862,0.112540192926045,"09171112","Burghausen","DE214","urban","peripher",921.706208985361,2042.27353108703,0,0,0
"135","DEBY013",14.16540045,2015,"EPSG:4979",12.781387,48.182835,415,"background","rural-regional",3.5,0,0.0474683544303797,0,0,0,0,0,0,0.901898734177215,0.0506329113924051,"09171124","Mehring","DE214","urban","peripher",174.399359316604,0,1242.76505055299,0,0
"136","DEBY123",15.96365393,2015,"EPSG:4979",11.062283,47.483194,720,"background","rural-nearcity",3.5,0,0.214511041009464,0.205047318611987,0,0,0,0,0,0.258675078864353,0.321766561514196,"09180117","Garmisch-Partenkirchen","DE21D","suburban","peripher",130.414275989497,2071.36457349807,0,0,0
"137","DEBY109",7.44084312,2015,"EPSG:4979",11.220172,47.968753,700,"background","rural-regional",3.5,0,0,0,0,0,0,0,0,0.297124600638978,0.702875399361022,"09188117","Andechs","DE21L","rural","zentral",87.215628090999,0,0,0,0
"138","DEBY088",18.54211626,2015,"EPSG:4979",12.538174,48.021657,488,"background","suburban",3.5,0,0.330188679245283,0.0408805031446541,0,0,0,0,0.0723270440251572,0.421383647798742,0.135220125786164,"09189157","Trostberg","DE21M","urban","peripher",214.801163918526,2282.03213332503,610.194353327082,0,0
"139","DEBY118",32.4913669,2015,"EPSG:4979",13.422039,48.573629,300,"background","urban",3.5,0,0.292063492063492,0.244444444444444,0.0571428571428571,0,0,0,0.0571428571428571,0.158730158730159,0.0761904761904762,"09262000","Passau","DE222","urban","peripher",726.83628000575,3838.52345092077,0,0,0
"140","DEUB046",5.95548546,2015,"EPSG:4979",13.420573,48.947611,858,"background","rural-remote",3.5,0,0,0,0,0,0,0,0,0,0.721518987341772,"09272143","Sankt Oswald-Riedlhütte","DE225","rural","sehr peripher",70.6524435623915,0,0,0,0
"141","DEBY049",11.35445459,2015,"EPSG:4979",11.777818,48.853211,359,"background","rural-regional",3.5,0,0,0,0,0,0,0,0,0.905362776025237,0.0410094637223975,"09273152","Neustadt a.d. Donau","DE226","suburban","peripher",146.109448482257,0,2068.13880963344,0,0
"142","DEBY030",20.30584002,2015,"EPSG:4979",11.948795,48.904228,340,"background","suburban",3.5,0,0.24203821656051,0,0,0,0,0,0,0.503184713375796,0.203821656050955,"09273166","Saal a.d. Donau","DE226","rural","peripher",115.428664921466,2027.3635501345,0,0,0
"143","DEBY075",24.73979678,2015,"EPSG:4979",12.159361,49.67895,400,"background","urban",3.5,0.10223642172524,0.613418530351438,0.178913738019169,0,0,0,0,0,0.105431309904153,0,"09363000","Weiden i.d. OPf.","DE233","urban","peripher",596.102055279943,0,2027.17221720466,0,0
"144","DEBY072",6.14316026,2015,"EPSG:4979",12.548869,49.438464,755,"background","rural-regional",3.5,0,0,0,0,0,0,0,0,0.380191693290735,0.619808306709265,"09372163","Tiefenbach","DE235","rural","sehr peripher",44.0977951102445,0,0,0,0
"145","DEBY067",21.98460473,2015,"EPSG:4979",12.128139,49.321955,380,"background","suburban",3.5,0.00641025641025641,0.442307692307692,0.0705128205128205,0,0,0,0,0,0.182692307692308,0.298076923076923,"09376161","Schwandorf","DE239","suburban","peripher",230.093714655033,0,0,0,0
"146","DEBY009",22.77328989,2015,"EPSG:4979",10.887686,49.89833,231,"background","urban",3.5,0.0883280757097792,0.779179810725552,0.113564668769716,0,0,0,0,0.0189274447949527,0,0,"09461000","Bamberg","DE241","urban","zentral",1342.5668253387,0,653.861492645812,0,1971.85156857177
"147","DEBY020",16.49394268,2015,"EPSG:4979",11.897492,50.320611,525,"background","suburban",3.5,0,0.674050632911392,0.193037974683544,0,0,0,0,0,0.132911392405063,0,"09464000","Hof","DE244","urban","peripher",769.601930036188,2459.3343020533,0,0,0
"148","DEBY032",19.09215011,2015,"EPSG:4979",11.442591,50.103135,303,"background","urban",3.5,0,0.515923566878981,0.452229299363057,0,0,0,0,0,0.0318471337579618,0,"09477128","Kulmbach","DE24B","suburban","peripher",279.480547472788,3187.1231716805,0,0,0
"149","DEBY113",17.68063058,2015,"EPSG:4979",10.963528,49.605914,284,"background","suburban",3.5,0,0.309904153354633,0,0,0,0,0,0,0.172523961661342,0.488817891373802,"09562000","Erlangen","DE252","urban","sehr zentral",1407.87524366472,0,0,0,0
"150","DEBY058",29.31521033,2015,"EPSG:4979",11.0248,49.462229,300,"background","urban",3.5,0,0.295238095238095,0.625396825396825,0,0,0,0,0.0793650793650794,0,0,"09564000","Nürnberg","DE254","urban","sehr zentral",2736.21096684194,1977.0553225426,0,678.421276657972,0
"151","DEBY188",25.66942338,2015,"EPSG:4979",11.02792,49.32273,344,"background","urban",3.5,0,0.69551282051282,0.16025641025641,0,0,0,0,0,0.0576923076923077,0.0865384615384615,"09565000","Schwabach","DE255","urban","zentral",990.396864282215,3191.1792896939,0,842.230939910791,0
"152","DEBY124",12.31749971,2015,"EPSG:4979",10.325,49.44406,362,"background","rural-regional",3.5,0,0.332268370607029,0,0,0,0,0,0,0.559105431309904,0.108626198083067,"09575115","Burgbernheim","DE25A","rural","peripher",60.8109418954312,0,0,0,0
"153","DEBY005",30.44469264,2015,"EPSG:4979",9.117973,49.991518,134,"background","suburban",3.5,0,0.282958199356913,0.109324758842444,0,0,0,0,0,0.488745980707395,0.118971061093248,"09661000","Aschaffenburg","DE261","urban","sehr zentral",1104.30606691212,0,0,1922.2339616854,0
"154","DEBY068",25.3730539,2015,"EPSG:4979",10.232076,50.048397,231,"background","urban",3.5,0.227848101265823,0.623417721518987,0.0537974683544304,0,0,0,0,0,0.0949367088607595,0,"09662000","Schweinfurt","DE262","urban","zentral",1455.71428571429,3608.89937592562,780.629030253809,0,0
"155","DEBY004",16.70029583,2015,"EPSG:4979",9.171544,49.869422,124,"background","rural-nearcity",3.5,0,0.376996805111821,0.012779552715655,0,0,0,0,0,0.472843450479233,0.0830670926517572,"09676133","Kleinwallstadt","DE269","urban","zentral",320.201173512154,0,1957.34881291261,0,0
"156","DEBY007",27.50088601,2015,"EPSG:4979",10.88837,48.376576,477,"background","urban",3.5,0.129337539432177,0.615141955835962,0.217665615141956,0.028391167192429,0,0,0,0.00946372239747634,0,0,"09761000","Augsburg","DE271","urban","sehr zentral",1950.24516480523,0,0,0,787.353406099278
"157","DEBY099",19.15187828,2015,"EPSG:4979",10.903051,48.326013,495,"background","suburban",3.5,0,0.39873417721519,0.414556962025316,0.00632911392405063,0,0,0,0,0.060126582278481,0.120253164556962,"09761000","Augsburg","DE271","urban","sehr zentral",1950.24516480523,0,0,0,0
"158","DEBY031",21.74234548,2015,"EPSG:4979",10.306561,47.72514,678,"background","suburban",3.5,0.26517571884984,0.699680511182109,0,0,0,0,0,0,0,0.0351437699680511,"09763000","Kempten (Allgäu)","DE273","urban","zentral",1057.94879898862,1412.63009487446,0,0,1099.75468027919
"159","DEBY052",27.97647596,2015,"EPSG:4979",10.008293,48.397079,470,"background","urban",3.5,0.166666666666667,0.518867924528302,0.210691823899371,0,0,0,0,0.10062893081761,0,0.00314465408805031,"09775135","Neu-Ulm","DE279","urban","zentral",706.978754940711,0,2035.91516418386,0,0
"160","DEBY187",17.83218503,2015,"EPSG:4979",10.59772,48.95218,417,"background","suburban",3.5,0,0.493670886075949,0.0411392405063291,0,0,0,0,0,0.465189873417722,0,"09779197","Oettingen i. Bay.","DE27D","rural","peripher",93.4556523209605,1973.32361556689,429.069865923217,0,0
"161","DEBY122",5.59196595,2015,"EPSG:4979",10.404232,47.518013,1169,"background","rural-regional",3.5,0,0.0888888888888889,0,0,0,0,0,0,0.441269841269841,0.26984126984127,"09780123","Bad Hindelang","DE27E","rural","sehr peripher",36.6890217232833,2875.40719482234,0,0,0
"162","DESL010",22.79726282,2015,"EPSG:4979",6.948776,49.244247,211,"background","urban",3.5,0,0.591639871382637,0.244372990353698,0,0,0,0,0.154340836012862,0,0.00964630225080386,"10041100","Saarbrücken","DEC01","urban","sehr zentral",1066.1978574421,1959.59897110032,0,52.1754376150501,0
"163","DESL011",16.41714497,2015,"EPSG:4979",7.036322,49.237227,315,"background","urban",3.5,0,0.504761904761905,0.0698412698412698,0,0,0,0,0,0,0.425396825396825,"10041100","Saarbrücken","DEC01","urban","sehr zentral",1066.1978574421,0,0,0,0
"164","DESL012",30.84416638,2015,"EPSG:4979",6.987601,49.233464,192,"background","urban",3.5,0.364217252396166,0.460063897763578,0.121405750798722,0.0351437699680511,0,0,0,0.0191693290734824,0,0,"10041100","Saarbrücken","DEC01","urban","sehr zentral",1066.1978574421,5567.01924184548,0,2084.77125471862,0
"165","DESL018",21.35228708,2015,"EPSG:4979",7.061679,49.299373,236,"background","urban",3.5,0,0.71608832807571,0.00630914826498423,0,0,0,0,0,0,0.277602523659306,"10041518","Sulzbach/Saar","DEC01","urban","sehr zentral",1005.89330024814,0,0,1156.95599702611,0
"166","DESL017",19.5775671,2015,"EPSG:4979",6.867744,49.254344,189,"background","urban",3.5,0.0477707006369427,0.445859872611465,0.194267515923567,0,0,0,0,0.127388535031847,0,0.0636942675159236,"10041519","Völklingen","DEC01","urban","sehr zentral",583.405397346056,1916.47129993044,0,1222.1337574206,0
"167","DESL003",17.97481909,2015,"EPSG:4979",6.73354,49.357861,185,"background","urban",3.5,0,0.398713826366559,0.414790996784566,0,0,0,0,0,0,0.186495176848875,"10044111","Dillingen/Saar","DEC04","urban","zentral",920.299048482102,0,1408.58996809612,0,0
"168","DESL019",8.8389302,2015,"EPSG:4979",6.552037,49.416884,339,"background","rural-regional",3.5,0,0,0,0,0,0,0,0,0.780952380952381,0.219047619047619,"10044114","Rehlingen-Siersburg","DEC04","suburban","zentral",236.805101373447,0,0,0,0
"169","DESL013",20.313117,2015,"EPSG:4979",6.753639,49.322646,181,"background","suburban",3.5,0,0.348101265822785,0.30379746835443,0,0,0,0,0.0854430379746835,0.183544303797468,0,"10044115","Saarlouis","DEC04","urban","zentral",803.512826438641,4158.39612664866,0,0,0
"170","DEBE010",27.87170178,2015,"EPSG:4979",13.349326,52.543041,35,"background","urban",3.9,0,0.525477707006369,0.318471337579618,0,0.0605095541401274,0,0,0.0955414012738854,0,0,"11000000","Berlin","DE300","urban","sehr zentral",3947.59501620518,0,0,0,1613.30530761197
"171","DEBE018",25.77139214,2015,"EPSG:4979",13.348775,52.485814,40,"background","urban",3.9,0,0.889240506329114,0.0759493670886076,0,0,0,0,0.0348101265822785,0,0,"11000000","Berlin","DE300","urban","sehr zentral",3947.59501620518,1990.68047168239,0,306.104771220195,0
"172","DEBE027",13.73528497,2015,"EPSG:4979",13.368103,52.398406,45,"background","rural-nearcity",3.7,0,0.0769230769230769,0.233974358974359,0,0,0,0,0.230769230769231,0.445512820512821,0.0128205128205128,"11000000","Berlin","DE300","urban","sehr zentral",3947.59501620518,0,0,0,0
"173","DEBE032",13.18640206,2015,"EPSG:4979",13.225144,52.473192,50,"background","rural-nearcity",3.5,0,0,0,0.0316455696202532,0,0,0,0,0,0.968354430379747,"11000000","Berlin","DE300","urban","sehr zentral",3947.59501620518,0,0,1390.76462229881,0
"174","DEBE034",26.78200439,2015,"EPSG:4979",13.430844,52.489451,35,"background","urban",3.9,0,0.922829581993569,0,0,0,0,0,0.0771704180064309,0,0,"11000000","Berlin","DE300","urban","sehr zentral",3947.59501620518,0,0,0,0
"175","DEBE051",14.02440009,2015,"EPSG:4979",13.489531,52.643525,60,"background","suburban",3.6,0,0.272151898734177,0.177215189873418,0,0,0,0,0.0632911392405063,0.0632911392405063,0.424050632911392,"11000000","Berlin","DE300","urban","sehr zentral",3947.59501620518,0,0,0,0
"176","DEBE056",12.84684572,2015,"EPSG:4979",13.64705,52.447697,35,"background","rural-nearcity",3.5,0,0.116129032258065,0.2,0,0,0,0,0,0,0.190322580645161,"11000000","Berlin","DE300","urban","sehr zentral",3947.59501620518,0,0,0,0
"177","DEBE062",12.51145178,2015,"EPSG:4979",13.296081,52.653269,50,"background","rural-nearcity",3.5,0,0.138263665594855,0,0,0,0,0,0.0128617363344051,0.00643086816720257,0.829581993569132,"11000000","Berlin","DE300","urban","sehr zentral",3947.59501620518,1984.50010101051,0,0,0
"178","DEBE066",19.89824613,2015,"EPSG:4979",13.529504,52.485296,35,"background","urban",3.5,0,0.726984126984127,0.161904761904762,0,0,0,0,0.111111111111111,0,0,"11000000","Berlin","DE300","urban","sehr zentral",3947.59501620518,0,0,0,0
"179","DEBE068",27.45255021,2015,"EPSG:4979",13.418833,52.513606,35,"background","urban",3.5,0.20253164556962,0.674050632911392,0.0981012658227848,0.0158227848101266,0,0,0,0,0,0,"11000000","Berlin","DE300","urban","sehr zentral",3947.59501620518,2501.89884482371,0,0,0
"180","DEBB055",12.07318056,2015,"EPSG:4979",12.552303,52.420442,33,"background","suburban",3.5,0,0.604430379746835,0.164556962025316,0,0,0,0,0.193037974683544,0,0,"12051000","Brandenburg an der Havel","DE401","suburban","peripher",311.58417134648,0,0,0,0
"181","DEBB064",15.28311321,2015,"EPSG:4979",14.33455,51.746344,75,"background","urban",3.5,0,0.637820512820513,0.105769230769231,0.0576923076923077,0,0,0,0.163461538461538,0,0.0352564102564103,"12052000","Cottbus","DE402","urban","peripher",603.6148955495,2669.44654162433,0,0,870.91292634568
"182","DEBB092",13.63381193,2015,"EPSG:4979",14.52596,52.33468,74,"background","suburban",3.5,0,0.623417721518987,0.0949367088607595,0,0,0,0,0.281645569620253,0,0,"12053000","Frankfurt (Oder)","DE403","suburban","peripher",392.911734866419,1222.63307170957,0,0,0
"183","DEBB021",20.56870702,2015,"EPSG:4979",13.059945,52.401352,31,"background","urban",3.5,0,0.722397476340694,0.154574132492114,0,0,0,0,0.0977917981072555,0,0,"12054000","Potsdam","DE404","urban","sehr zentral",891.075697211155,3629.79179227703,0,0,0
"184","DEBB075",14.89281003,2015,"EPSG:4979",13.123698,52.484168,39,"background","suburban",3.5,0,0.0511182108626198,0,0,0,0,0,0.0670926517571885,0.166134185303514,0.642172523961661,"12054000","Potsdam","DE404","urban","sehr zentral",891.075697211155,1924.31525536978,0,0,0
"185","DEBB066",8.14332719,2015,"EPSG:4979",14.057064,51.897598,52,"background","rural-regional",3.5,0,0,0,0,0,0,0,0,0.550632911392405,0.449367088607595,"12061005","Alt Zauche-Wußwerk","DE406","rural","sehr peripher",17.5046509942255,0,0,0,0
"186","DEBB007",13.590032,2015,"EPSG:4979",13.526796,51.462734,89,"background","suburban",3.5,0,0.533546325878594,0.198083067092652,0,0,0,0,0,0.201277955271566,0.0191693290734824,"12062124","Elsterwerda","DE407","suburban","sehr peripher",201.724987678659,3862.74525579062,0,0,0
"187","DEBB067",12.40057466,2015,"EPSG:4979",12.885194,52.608609,31,"background","suburban",3.5,0,0.531645569620253,0.319620253164557,0,0,0,0,0,0.14873417721519,0,"12063208","Nauen","DE408","rural","zentral",63.19421133117,2237.79350754793,0,0,0
"188","DEBB053",9.81916847,2015,"EPSG:4979",14.015252,52.563835,88,"background","rural-regional",3.5,0,0,0,0,0,0,0,0,1,0,"12064084","Buckow (Märkische Schweiz)","DE409","rural","sehr peripher",59.322688642802,0,0,0,0
"189","DEUB030",4.60735479,2015,"EPSG:4979",13.031662,53.141303,65,"background","rural-regional",6.4,0,0.00318471337579618,0,0,0,0,0,0,0,0.656050955414013,"12065310","Stechlin","DE40A","rural","sehr peripher",28.186228774025,0,0,0,0
"190","DEBB048",14.54775493,2015,"EPSG:4979",12.809481,52.93189,43,"background","suburban",3.5,0,0.729903536977492,0.045016077170418,0,0,0,0,0.0192926045016077,0.122186495176849,0,"12068320","Neuruppin","DE40D","suburban","peripher",100.622440622441,1998.21692299289,763.431781770686,0,0
"191","DEBB065",6.66981504,2015,"EPSG:4979",12.561389,52.194225,111,"background","rural-regional",3.5,0,0,0,0,0,0,0,0,0.019047619047619,0.980952380952381,"12069020","Bad Belzig","DE40E","rural","peripher",47.1046723429491,0,0,0,0
"192","DEBB063",9.09939127,2015,"EPSG:4979",11.73846,52.99875,22,"background","suburban",3.5,0,0.615873015873016,0,0,0,0,0,0.184126984126984,0.0984126984126984,0.0888888888888889,"12070424","Wittenberge","DE40F","suburban","sehr peripher",339.83804068734,0,0,0,1646.0336322928
"193","DEBB083",11.48693168,2015,"EPSG:4979",14.3764,51.5645,99,"background","suburban",3.5,0,0.799363057324841,0.0127388535031847,0,0,0,0,0.0127388535031847,0.124203821656051,0.0509554140127389,"12071372","Spremberg","DE40G","suburban","peripher",122.862669245648,2380.29048991238,367.98750574368,0,0
"194","DEBB086",16.01999314,2015,"EPSG:4979",13.424304,52.349703,43,"background","suburban",3.5,0,0.663492063492063,0,0,0,0,0,0.158730158730159,0.142857142857143,0.0349206349206349,"12072017","Blankenfelde-Mahlow","DE40H","urban","sehr zentral",477.05274605764,1132.19593649871,0,0,0
"195","DEMV007",10.23862092,2015,"EPSG:4979",12.174105,54.161555,5,"background","suburban",3.5,0,0,0,0,0,0,0,0,0.882911392405063,0.104430379746835,"13003000","Rostock","DE803","urban","zentral",1136.54970760234,0,1948.01271859193,0,0
"196","DEMV021",13.25164039,2015,"EPSG:4979",12.080003,54.17133,2,"background","urban",3.5,0.0961538461538462,0.346153846153846,0,0,0.185897435897436,0,0,0.112179487179487,0.0865384615384615,0,"13003000","Rostock","DE803","urban","zentral",1136.54970760234,1989.74785055065,1290.18478544322,0,0
"197","DEMV024",6.18068194,2015,"EPSG:4979",12.463929,53.396348,116,"background","rural",3.5,0,0,0,0,0,0,0,0,0.817891373801917,0.0926517571884984,"13071088","Leizen","DE80J","rural","sehr peripher",25.6281759243035,0,0,0,0
"198","DEMV019",9.43094882,2015,"EPSG:4979",12.175512,53.78175,17,"background","urban",3.5,0,0.555555555555556,0,0,0,0,0,0.20952380952381,0.234920634920635,0,"13072043","Güstrow","DE80K","urban","peripher",407.12773465067,0,0,0,0
"199","DEMV004",5.46591224,2015,"EPSG:4979",12.064708,53.817775,17,"background","rural",3.5,0,0.10126582278481,0,0,0,0,0,0,0.889240506329114,0.00949367088607595,"13072042","Gülzow-Prüzen","DE80K","rural","sehr peripher",28.7002747580934,0,0,0,0
"200","DEUB028",5.01209956,2015,"EPSG:4979",12.721938,54.436985,1,"background","rural",6.5,0,0,0.0377358490566038,0,0,0,0,0,0.584905660377358,0.122641509433962,"13073105","Zingst","DE80L","rural","sehr peripher",61.039476294386,0,0,0,0
"201","DEMV026",5.13186737,2015,"EPSG:4979",13.342138,54.323514,17,"background","rural",3.5,0,0.126984126984127,0,0,0,0,0,0,0.86031746031746,0.0126984126984127,"13073027","Garz/Rügen","DE80L","rural","sehr peripher",67.3823558468074,0,1813.69543077657,0,0
"202","DEMV012",7.44645161,2015,"EPSG:4979",14.257407,53.520456,17,"background","rural",3.5,0,0.0759493670886076,0,0,0,0,0,0,0.879746835443038,0.0443037974683544,"13075119","Rothenklempenow","DE80N","rural","peripher",25.1824732411445,0,0,0,2351.33945517099
"203","DEMV017",6.99776729,2015,"EPSG:4979",11.362965,53.302352,25,"background","rural",3.5,0,0.105095541401274,0,0,0,0,0,0,0.722929936305732,0.171974522292994,"13076046","Göhlen","DE80O","rural","sehr peripher",30.4731677063952,0,2017.00260194626,0,0
"204","DESN011",21.65306813,2015,"EPSG:4979",12.917336,50.832461,300,"background","urban",4,0,0.841772151898734,0.104430379746835,0.0158227848101266,0,0,0,0.0379746835443038,0,0,"14511000","Chemnitz","DED41","urban","sehr zentral",1125.80367653717,4614.28338260037,0,0,0
"205","DESN001",20.42194752,2015,"EPSG:4979",12.997278,50.570872,545,"background","urban",4,0,0.774193548387097,0,0,0,0,0,0,0.225806451612903,0,"14521020","Annaberg-Buchholz","DED42","urban","peripher",726.645321949484,2782.40212711608,0,0,0
"206","DESN074",8.0534445,2015,"EPSG:4979",13.465078,50.659097,785,"background","rural-regional",4,0,0,0,0,0,0,0,0,0.834920634920635,0.165079365079365,"14521570","Seiffen/Erzgeb.","DED42","rural","peripher",139.632721202003,0,1522.910081035,0,0
"207","DESN017",19.04565878,2015,"EPSG:4979",13.346826,50.9163,393,"background","urban",4,0,0.838095238095238,0.0825396825396825,0.0349206349206349,0,0,0,0.0444444444444444,0,0,"14522180","Freiberg","DED43","urban","zentral",861.062861869313,3832.09524691355,1027.40526242891,0,70.6810368783808
"208","DESN024",11.38457714,2015,"EPSG:4979",12.468739,50.354783,540,"background","urban",4,0,0.414012738853503,0,0,0,0,0,0,0.232484076433121,0.353503184713376,"14523160","Klingenthal","DED44","suburban","sehr peripher",174.127676447264,1827.81117746264,170.911617525243,0,0
"209","DESN093",9.76137407,2015,"EPSG:4979",12.211112,50.608136,430,"background","rural-regional",4,0,0.0926517571884984,0,0,0,0,0,0,0.670926517571885,0.236421725239617,"14523260","Netzschkau","DED44","urban","peripher",206.371814092954,0,0,0,0
"210","DESN019",19.75836599,2015,"EPSG:4979",12.542056,50.826001,233,"background","urban",4,0,0.625396825396825,0.247619047619048,0,0,0,0,0,0.126984126984127,0,"14524080","Glauchau","DED45","urban","zentral",451.641095358322,1823.34162606253,0,0,0
"211","DESN092",18.25904453,2015,"EPSG:4979",13.730205,51.036105,112,"background","urban",4,0,0.626582278481013,0.306962025316456,0.0664556962025316,0,0,0,0,0,0,"14612000","Dresden","DED21","urban","sehr zentral",1656.43751332582,3030.90463604653,595.30015781567,0,0
"212","DESN004",16.01535979,2015,"EPSG:4979",14.443771,51.175669,203,"background","urban",4,0,0.845659163987138,0.0707395498392283,0,0,0,0,0,0.0836012861736334,0,"14625020","Bautzen","DED2C","urban","peripher",598.00390214618,2824.36282425828,0,0,0
"213","DESN045",13.32594306,2015,"EPSG:4979",14.822846,50.892377,230,"background","suburban",4,0,0.520766773162939,0.271565495207668,0,0,0,0,0.00319488817891374,0.204472843450479,0,"14626610","Zittau","DED2D","suburban","peripher",385.256218160024,860.271781613103,2564.92635271848,0,158.774827807081
"214","DESN079",7.92364248,2015,"EPSG:4979",14.749731,51.285356,148,"background","rural-regional",4,0,0.0926517571884984,0,0,0,0,0,0,0.434504792332268,0.121405750798722,"14626440","Quitzdorf am See","DED2D","rural","sehr peripher",41.5785636164783,0,1919.28345236196,0,949.290107954465
"215","DESN051",13.39141369,2015,"EPSG:4979",13.675005,51.119514,246,"background","rural-nearcity",4,0,0.382165605095541,0,0,0,0,0,0,0.579617834394904,0.0382165605095541,"14627210","Radebeul","DED2E","urban","zentral",1305.28938290533,0,0,0,0
"216","DESN052",7.55013294,2015,"EPSG:4979",13.75145,50.731478,877,"background","rural-regional",4,0,0.00319488817891374,0,0,0,0,0,0,0.527156549520767,0.29073482428115,"14628010","Altenberg","DED2F","rural","peripher",54.3931541521032,590.754739803651,0,0,0
"217","DESN059",16.15543149,2015,"EPSG:4979",12.297411,51.317905,115,"background","urban",4,0,0.871794871794872,0.0192307692307692,0,0,0,0,0.0833333333333333,0.0256410256410256,0,"14713000","Leipzig","DED51","urban","sehr zentral",1884.63633612428,0,0,0,0
"218","DESN076",8.1895135,2015,"EPSG:4979",13.009406,51.303772,313,"background","rural-remote",4,0,0,0,0,0,0,0,0,0.452229299363057,0.547770700636943,"14730330","Wermsdorf","DED53","rural","peripher",50.847619959774,0,0,0,2275.21162230054
"219","DEST050",18.21465573,2015,"EPSG:4979",11.979056,51.496185,116,"background","urban",3.65,0,0.687697160883281,0.170347003154574,0.0126182965299685,0,0,0,0.0946372239747634,0.0347003154574132,0,"15002000","Halle (Saale)","DEE02","urban","sehr zentral",1755.22885498445,2186.56793330853,0,0,0
"220","DEST077",17.58713215,2015,"EPSG:4979",11.611464,52.127899,58,"background","urban",3.5,0,0.617363344051447,0.144694533762058,0.0836012861736334,0,0,0,0.154340836012862,0,0,"15003000","Magdeburg","DEE03","urban","zentral",1172.75124378109,1609.705929071,0,0,0
"221","DEST089",6.28049625,2015,"EPSG:4979",11.172327,52.593136,95,"background","rural-regional",3.8,0,0,0,0,0,0,0,0,0,1,"15081280","Klötze","DEE04","rural","sehr peripher",36.9542563512882,0,0,0,0
"222","DEST104",8.87279589,2015,"EPSG:4979",11.891412,51.837306,72,"background","rural",3.4,0,0.0673076923076923,0,0,0,0,0,0,0.932692307692308,0,"15082256","Osternienburger Land","DEE05","rural","peripher",63.9155193541411,0,0,0,1896.77297064869
"223","DEST044",13.03068248,2015,"EPSG:4979",11.057442,51.896982,120,"background","urban",3.8,0,0.752380952380952,0.215873015873016,0.00952380952380952,0,0,0,0,0.0222222222222222,0,"15085135","Halberstadt","DEE09","suburban","peripher",306.112743040985,3726.15754937836,0,0,0
"224","DEST098",4.74199084,2015,"EPSG:4979",11.043386,51.662435,419,"background","rural-regional",4.4,0,0,0,0,0,0,0,0,0.440894568690096,0.559105431309904,"15085145","Harzgerode","DEE09","rural","sehr peripher",48.9979351390745,0,0,0,0
"225","DEST011",13.64515896,2015,"EPSG:4979",10.790143,51.839382,235,"background","urban",3.6,0,0.817307692307692,0.102564102564103,0,0,0,0,0.0641025641025641,0,0.016025641025641,"15085370","Wernigerode","DEE09","suburban","peripher",194.54695028793,3021.95362523343,0,0,0
"226","DEST039",3.3871922,2015,"EPSG:4979",10.618275,51.798629,1130,"background","rural-remote",6.4,0,0,0,0,0,0,0,0,0,0.884244372990354,"15085370","Wernigerode","DEE09","suburban","peripher",194.54695028793,0,0,0,0
"227","DEST002",13.05793703,2015,"EPSG:4979",11.864763,52.268354,47,"background","suburban",3.7,0,0.660377358490566,0,0,0,0,0,0.226415094339623,0.113207547169811,0,"15086015","Burg","DEE06","suburban","peripher",140.018287107589,3130.16787325914,0,0,650.032216108895
"228","DEST029",20.11240384,2015,"EPSG:4979",11.738962,51.803534,60,"background","suburban",3.6,0,0.431309904153355,0.159744408945687,0,0,0,0,0.293929712460064,0,0,"15089030","Bernburg (Saale)","DEE0C","suburban","peripher",298.933638847272,2290.41071721279,1967.48370774141,0,0
"229","DEST105",11.33846317,2015,"EPSG:4979",11.850274,52.602056,35,"background","urban",3.65,0,0.762820512820513,0.0897435897435897,0.0576923076923077,0,0,0,0.0897435897435897,0,0,"15090535","Stendal","DEE0D","suburban","peripher",150.24625027983,0,1012.20164721749,0,83.3323034790339
"230","DEST066",11.59115863,2015,"EPSG:4979",12.663663,51.870852,71,"background","urban",3.65,0,0.697160883280757,0.082018927444795,0,0,0,0,0.0725552050473186,0.0189274447949527,0,"15091375","Wittenberg","DEE0E","suburban","peripher",193.371889822751,2728.91148051963,0,0,0
"231","DETH020",22.90074573,2015,"EPSG:4979",11.037924,50.979455,195,"background","urban",3.5,0.265822784810127,0.670886075949367,0.00316455696202532,0.060126582278481,0,0,0,0,0,0,"16051000","Erfurt","DEG01","urban","zentral",778.56084185564,0,0,0,2107.68379825191
"232","DETH009",17.04569986,2015,"EPSG:4979",12.07471,50.877317,190,"background","urban",3.5,0,0.564668769716088,0.126182965299685,0.0315457413249211,0,0,0,0.154574132492114,0,0.123028391167192,"16052000","Gera","DEG02","urban","zentral",630.862737367764,808.048714455934,0,0,0
"233","DETH041",19.86318228,2015,"EPSG:4979",11.597062,50.933513,140,"background","urban",3.5,0,0.619808306709265,0.137380191693291,0,0,0,0,0.242811501597444,0,0,"16053000","Jena","DEG03","urban","zentral",954.400487974904,4677.32777683934,0,0,0
"234","DEUB029",4.54283139,2015,"EPSG:4979",10.769534,50.654066,937,"background","rural",16.5,0,0,0,0,0,0,0,0,0,1,"16054000","Suhl","DEG04","suburban","peripher",356.998641040575,0,987.222930775244,0,384.481253560501
"235","DETH093",20.03394316,2015,"EPSG:4979",11.3204,50.982544,224,"background","urban",3.5,0,0.913738019169329,0.0575079872204473,0,0,0,0,0.0223642172523962,0,0.00638977635782748,"16055000","Weimar","DEG05","urban","zentral",759.126420454545,2621.92555149315,0,0,0
"236","DETH013",15.75320686,2015,"EPSG:4979",10.317236,50.978292,210,"background","urban",3.5,0,0.886075949367089,0,0.0189873417721519,0,0,0,0.0221518987341772,0,0.0727848101265823,"16056000","Eisenach","DEG0N","urban","peripher",407.190169914563,1641.85722209491,0,0,0
"237","DETH018",18.02609221,2015,"EPSG:4979",10.791404,51.497195,185,"background","urban",3.5,0,0.598726114649682,0.261146496815287,0.140127388535032,0,0,0,0,0,0,"16062041","Nordhausen","DEG07","urban","peripher",399.706494982011,2484.49102960581,0,0,0
"238","DETH095",18.22867315,2015,"EPSG:4979",10.450997,51.207944,215,"background","urban",3.5,0,1,0,0,0,0,0,0,0,0,"16064046","Mühlhausen/Thüringen","DEG09","urban","peripher",398.339866267005,2001.19556562765,1129.17513698225,0,0
"239","DETH042",8.04030887,2015,"EPSG:4979",10.867188,51.333333,420,"background","rural-remote",3.5,0,0,0,0,0,0,0,0,0,1,"16065067","Sondershausen","DEG0A","suburban","sehr peripher",109.532329407087,0,0,0,0
"240","DETH060",16.23580998,2015,"EPSG:4979",10.668641,50.653245,490,"background","urban",3.5,0,0.65615141955836,0.205047318611987,0,0,0,0,0,0.0851735015772871,0.0536277602523659,"16066092","Zella-Mehlis","DEG0B","urban","peripher",378.731742073388,2119.4118047078,0,0,0
"241","DETH026",10.97715295,2015,"EPSG:4979",10.375299,50.561754,450,"background","rural-regional",3.5,0,0.0923566878980892,0.299363057324841,0,0,0,0,0,0.343949044585987,0.264331210191083,"16066042","Meiningen","DEG0B","suburban","peripher",199.469164715066,0,1975.5867187375,0,0
"242","DETH027",8.56054125,2015,"EPSG:4979",11.134593,50.499955,840,"background","rural-remote",3.5,0,0.167721518987342,0.113924050632911,0,0,0,0,0,0.0569620253164557,0.661392405063291,"16072013","Neuhaus am Rennweg","DEG0H","rural","sehr peripher",72.4048872553889,1086.75449123274,0,0,0
"243","DETH005",14.82663318,2015,"EPSG:4979",11.368875,50.651182,210,"background","urban",3.5,0,0.501597444089457,0.233226837060703,0.153354632587859,0,0,0,0.0479233226837061,0.060702875399361,0.00319488817891374,"16073077","Saalfeld/Saale","DEG0I","urban","peripher",513.872357890417,2929.43389611406,0,0,0
"244","DETH061",7.41623561,2015,"EPSG:4979",11.661233,50.791616,357,"background","rural-remote",3.5,0,0,0,0,0,0,0,0,0.00949367088607595,0.990506329113924,"16074102","Trockenborn-Wolfersdorf","DEG0J","rural","peripher",37.5456919060052,0,0,0,0
"245","DETH036",16.8442363,2015,"EPSG:4979",12.205199,50.655861,265,"background","urban",3.5,0,0.892405063291139,0,0,0,0,0,0.0379746835443038,0.0506329113924051,0.0189873417721519,"16076022","Greiz","DEG0L","suburban","peripher",252.998703900082,2341.07185172695,0,0,0
"246","DETH011",18.35976805,2015,"EPSG:4979",12.437621,50.987758,185,"background","urban",3.5,0,0.945686900958466,0,0,0,0,0,0.0543130990415335,0,0,"16077001","Altenburg","DEG0M","urban","zentral",720.288903479974,0,0,0,0
