"ID","Y","Lon","Lat","Alt","Type","HighDens","LowDens","Ind","Transp","Seap","Airp","Constr","UrbGreen","Agri","Forest","popDens","PriRoad","SecRoad","NatMot","LocRoute"
"DESH033",15.93546396,10.116563,54.309674,29,"background",0.0949367088607595,0.819620253164557,0.0221518987341772,0.0348101265822785,0,0,0,0.0284810126582278,0,0,2075.90391908976,1997.666572605,478.113050198583,0,0
"DESH023",13.3995956,10.695936,53.835492,12,"background",0,0.40952380952381,0.196825396825397,0,0,0,0,0.149206349206349,0.244444444444444,0,1009.53736987069,1763.1193584739,0,0,0
"DEUB001",5.42741476,8.308208,54.924967,12,"background",0,0.278481012658228,0,0,0,0,0,0,0,0,234.699930216329,0,0,0,0
"DESH008",9.42188995,10.240596,54.09323,45,"background",0,0,0,0,0,0,0,0,0.509554140127389,0.251592356687898,61.7369073442826,0,0,0,0
"DEHH008",26.8782785,9.967882,53.56414,15,"background",0,0.663461538461538,0.211538461538462,0,0,0,0,0.125,0,0,2366.4874884152,1135.2237493152,0,0,538.836542651391
"DEHH021",15.16101439,10.083646,53.487669,2,"background",0,0.167741935483871,0,0,0,0,0,0.374193548387097,0.264516129032258,0,2366.4874884152,0,0,0,0
"DEHH033",21.39557108,9.998009,53.638291,13,"background",0,0.280757097791798,0,0,0,0.643533123028391,0,0.0757097791798107,0,0,2366.4874884152,2790.11177625696,0,0,492.256091743562
"DEHH047",16.76258079,10.110595,53.63074,31,"background",0,0.914556962025316,0,0,0,0,0,0.0854430379746835,0,0,2366.4874884152,0,0,0,0
"DEHH049",16.11579469,9.786234,53.568124,75,"background",0,0.296178343949045,0.101910828025478,0,0,0,0,0.423566878980892,0,0.133757961783439,2366.4874884152,0,0,0,0
"DEHH050",13.46795642,9.857223,53.480927,3,"background",0,0.40952380952381,0,0,0,0,0,0.0380952380952381,0.552380952380952,0,2366.4874884152,252.461549436068,0,0,0
"DEHH059",26.13682865,9.990569,53.50793,3,"background",0,0.40952380952381,0.438095238095238,0.00317460317460317,0,0,0,0.149206349206349,0,0,2366.4874884152,1490.62365393983,0,0,0
"DEHH074",31.12144221,10.102823,53.538531,18,"background",0,0.55205047318612,0.44794952681388,0,0,0,0,0,0,0,2366.4874884152,1980.36175262967,0,0,0
"DEHH079",31.12230262,9.944815,53.545269,25,"background",0,0.579617834394904,0,0.00318471337579618,0.105095541401274,0,0,0,0,0,2366.4874884152,0,0,0,0
"DENI011",15.29755041,10.47364,52.22694,98,"background",0,0.23961661341853,0,0,0,0,0,0,0.68370607028754,0.0766773162939297,1308.02934901389,0,0,0,0
"DENI020",20.1845588,10.81638,52.44081,66,"background",0,0.335463258785943,0,0,0,0,0,0.169329073482428,0.357827476038339,0.0543130990415335,607.825362602901,1972.67158692107,0,0,0
"DENI028",11.95815865,10.23854,51.50758,185,"background",0,0.114649681528662,0.461783439490446,0,0,0,0,0,0.423566878980892,0,220.372307048735,0,0,0,0
"DENI042",16.53556255,9.94976,51.55107,170,"background",0,0.366559485530547,0.37620578778135,0,0,0,0,0.118971061093248,0.118971061093248,0.0192926045016077,1017.31542475832,1790.26390913333,0,0,0
"DENI051",6.14238556,10.61248,51.75816,939,"background",0,0,0,0,0,0,0,0,0,1,215.625990491284,0,0,0,0
"DENI016",10.31574115,10.48132,51.90158,208,"background",0,0.474358974358974,0.173076923076923,0,0,0,0.0288461538461538,0,0.0833333333333333,0.217948717948718,310.194856758903,2108.55913852605,0,0,0
"DENI077",8.98356021,9.55462,51.70884,295,"background",0,0,0,0,0,0,0,0,0.333333333333333,0.666666666666667,126.774704949797,1254.5639905787,0,0,0
"DENI054",19.19415209,9.70612,52.36292,85,"background",0,0.438485804416404,0.312302839116719,0.056782334384858,0,0,0,0.192429022082019,0,0,2606.72544697526,2012.56531339681,0,0,0
"DENI041",14.36342084,9.06255,52.17017,54,"background",0,0.0705128205128205,0.205128205128205,0,0,0,0,0,0.724358974358974,0,230.925093976345,2064.24113299229,0,0,0
"DENI059",11.89503828,8.80122,53.83017,3,"background",0,0,0,0,0,0,0,0,0.690095846645367,0,298.073122529644,0,0,0,0
"DENI060",11.26930917,11.16705,52.95702,16,"background",0,0.0253164556962025,0.174050632911392,0,0,0,0,0,0.800632911392405,0,44.5889837304204,2559.37407810422,0,0,0
"DENI062",16.66755584,10.4565,53.24696,47,"background",0,0.218649517684887,0.585209003215434,0,0,0,0,0.0771704180064309,0,0.0353697749196141,1053.05658231447,2530.19921980858,0,0,188.940439664992
"DENI052",13.0739389,9.62295,52.82943,38,"background",0,0.258785942492013,0,0,0,0,0,0,0.60702875399361,0.134185303514377,85.7644147305433,0,0,0,0
"DENI063",13.95126052,9.68503,53.52418,3,"background",0,0.302250803858521,0,0,0,0,0,0,0.697749196141479,0,193.543205910697,0,1158.76568085574,0,0
"DEUB005",7.13953807,10.756733,52.800773,74,"background",0,0,0,0,0,0,0,0,0.594249201277955,0.405750798722045,44.869459623558,0,0,0,0
"DENI029",16.66998474,7.20726,53.36235,1,"background",0,0.544303797468354,0.268987341772152,0,0.104430379746835,0,0,0.00632911392405063,0,0,451.174795300819,0,0,0,1274.88009082318
"DENI038",19.36842637,8.05286,52.25534,95,"background",0,0.824281150159744,0,0,0,0,0,0.143769968051118,0,0.0319488817891374,1355.73086234243,1857.37589444138,0,0,0
"DENI031",11.14621369,8.09059,53.59617,2,"background",0,0.10126582278481,0.00949367088607595,0,0,0,0.0474683544303797,0,0.708860759493671,0,710.831540548125,0,0,0,1975.63666101356
"DENI058",8.9534562,7.21398,53.7153,5,"background",0,0,0,0,0,0.059748427672956,0,0,0,0,225.751236211487,0,0,0,0
"DENI043",15.37784952,7.31747,52.49855,30,"background",0,0.461783439490446,0.0286624203821656,0,0,0,0,0,0.222929936305732,0.280254777070064,302.526542894453,1655.90297049841,0,0,0
"DEHB001",22.84807634,8.81578,53.077151,10,"background",0.173501577287066,0.605678233438486,0.00630914826498423,0.107255520504732,0,0,0,0.0347003154574132,0,0,1712.32338125077,0,0,0,1446.29410808618
"DEHB002",21.21261899,8.916966,53.060045,7,"background",0,0.414012738853503,0.302547770700637,0,0,0,0,0.197452229299363,0.0859872611464968,0,1712.32338125077,0,0,0,0
"DEHB004",19.52051449,8.625456,53.180946,20,"background",0,0.974603174603175,0,0,0,0,0,0,0.0253968253968254,0,1712.32338125077,0,0,1957.74123174825,0
"DEHB012",22.27755815,8.735047,53.124561,8,"background",0,0.304761904761905,0,0.114285714285714,0.393650793650794,0,0,0,0,0,1712.32338125077,0,0,0,0
"DEHB005",21.65266429,8.569405,53.562455,3,"background",0,0.29746835443038,0.373417721518987,0,0.0284810126582278,0,0,0.136075949367089,0,0,1215.35919846515,0,0,0,0
"DENW071",25.28207955,6.732383,51.249211,32,"background",0,0.375,0.0512820512820513,0,0,0,0,0.192307692307692,0.182692307692308,0,2815.77664320868,0,0,0,0
"DENW024",26.55889399,6.981045,51.496527,47,"background",0,0.253164556962025,0.639240506329114,0,0,0,0.0664556962025316,0.00316455696202532,0,0,2769.91537510697,0,0,966.740465320056,0
"DENW247",33.41377051,6.965643,51.406968,153,"background",0,0.312302839116719,0,0,0,0.0157728706624606,0,0.195583596214511,0.476340694006309,0,2769.91537510697,0,0,1963.42276069944,0
"DENW038",26.00171979,6.865107,51.45346,37,"background",0,0.552715654952077,0.297124600638978,0,0,0,0,0.150159744408946,0,0,1854.4916739702,2280.37072839233,0,1917.02953257956,0
"DENW080",22.55888541,7.052634,51.183773,207,"background",0,0.737179487179487,0.118589743589744,0,0,0,0,0.144230769230769,0,0,1772.68259995533,0,0,0,0
"DENW114",24.16631697,7.231895,51.277647,186,"background",0,0.907348242811502,0.0926517571884984,0,0,0,0,0,0,0,2078.78140032068,2079.25802270552,0,0,0
"DENW078",25.83443196,6.819967,51.303919,41,"background",0,0.427215189873418,0.227848101265823,0,0,0,0,0.0854430379746835,0.107594936708861,0.0886075949367089,991.018706333108,0,1652.89374691787,1643.62933632972,0
"DENW066",20.20407044,6.195868,51.326943,49,"background",0,0.40506329113924,0.145569620253165,0,0,0,0,0,0.449367088607595,0,500.34577322046,105.296263455836,0,2060.00970020078,0
"DENW030",19.33927003,6.629576,51.672809,25,"background",0,0.578274760383387,0.242811501597444,0,0,0,0,0,0.178913738019169,0,494.41090078329,1072.78863036748,0,0,0
"DENW062",29.89228432,7.082676,50.75364,57,"background",0,0.638977635782748,0.233226837060703,0,0,0,0,0.0702875399361022,0,0,2260.09499503757,0,0,1850.32371103657,0
"DENW059",31.23263624,6.985164,50.889814,45,"background",0,0.429487179487179,0,0,0,0,0,0.349358974358974,0,0.205128205128205,2618.59167448521,887.958722458212,0,1816.86649506421,0
"DENW053",24.9865366,6.884636,51.019345,45,"background",0,0.562700964630225,0,0,0,0,0,0,0.337620578778135,0.00964630225080386,2618.59167448521,0,0,0,0
"DENW079",29.25676077,7.005063,51.028879,50,"background",0,0.695238095238095,0.155555555555556,0,0,0,0,0.13015873015873,0.019047619047619,0,2072.86674274122,0,0,1856.34255355286,0
"DENW094",14.24568763,6.093923,50.754704,205,"background",0,0.911392405063291,0,0,0,0,0,0.0221518987341772,0.0632911392405063,0.00316455696202532,1528.66024246192,1842.6170171615,0,0,0
"DENW064",5.95223749,6.281069,50.653236,572,"background",0,0,0,0,0,0,0,0,0.179487179487179,0.740384615384615,137.630724846736,1913.53160832243,0,0,0
"DENW022",26.45053198,7.101786,51.533646,40,"background",0,0.538216560509554,0.159235668789809,0.114649681528662,0,0,0,0.0668789808917197,0,0.114649681528662,2481.11301696207,1979.34433984099,0,1968.08639347985,0
"DENW095",19.55349053,7.611581,51.936547,63,"background",0,0.920382165605096,0.0414012738853503,0,0,0,0,0.0382165605095541,0,0,1022.28633605909,3930.05287527834,0,0,0
"DENW081",17.66019154,6.874554,51.862,45,"background",0,0.293929712460064,0.210862619808307,0,0,0,0,0,0.376996805111821,0.118210862619808,276.341766359417,0,2227.51735587946,0,0
"DENW002",20.31731004,7.331405,51.641383,80,"background",0,0.639240506329114,0.177215189873418,0,0,0,0.00316455696202532,0,0.126582278481013,0,522.333182024512,1981.59923333216,0,0,0
"DENW067",22.41473548,8.548389,52.023169,102,"background",0.0833333333333333,0.612179487179487,0.304487179487179,0,0,0,0,0,0,0,1286.95618576617,357.484744084444,0,0,0
"DENW008",26.53087569,7.457463,51.536911,75,"background",0,0.179487179487179,0.467948717948718,0,0,0,0,0.352564102564103,0,0,2088.20847137615,2093.50648055694,0,0,0
"DENW029",18.07669563,7.208572,51.403005,93,"background",0,0.585987261146497,0.117834394904459,0,0,0,0,0,0.296178343949045,0,767.875647668394,0,2130.75891362282,0,0
"DEHE046",9.43207072,8.928171,51.430897,343,"background",0,0,0,0,0,0,0,0,1,0,109.581824168587,0,0,0,0
"DENW065",6.72669228,8.191932,50.930328,635,"background",0,0,0,0,0,0,0,0,0,0.987381703470032,170.26712278914,0,1777.78440146048,0,0
"DENW068",12.41404379,8.148061,51.570662,110,"background",0,0,0.00641025641025641,0,0,0,0,0,0.958333333333333,0.0352564102564103,559.07236918774,1844.44693049773,0,0,0
"DENW006",24.36537833,7.569838,51.592206,58,"background",0,0.253164556962025,0,0,0,0,0,0,0.746835443037975,0,1445.8157939047,0,0,1703.93589651664,0
"DENW179",21.94589503,7.582295,51.448762,157,"background",0,0.575079872204473,0.182108626198083,0,0,0,0,0,0.242811501597444,0,830.926551662813,762.018202084539,0,0,0
"DENW010",20.96178816,7.693835,51.547495,72,"background",0,0.639871382636656,0.122186495176849,0,0,0,0,0,0.237942122186495,0,667.468383017163,0,1860.9564826438,0,0
"DEHE001",25.26970356,8.664619,49.872303,158,"background",0.0444444444444444,0.780952380952381,0.0698412698412698,0,0,0,0,0.104761904761905,0,0,1272.44655581948,3465.51124933197,1961.40750208558,0,0
"DEHE005",36.12854251,8.542517,50.10175,103,"background",0,0.568690095846645,0.258785942492013,0.060702875399361,0,0,0,0,0.0638977635782748,0,2950.69872336998,0,0,0,0
"DEHE008",34.25607048,8.746343,50.125332,100,"background",0,0.115755627009646,0.745980707395498,0.0578778135048231,0,0,0,0.0739549839228296,0,0,2950.69872336998,1979.92363433709,1595.96110054353,0,0
"DEHE022",28.61631541,8.244949,50.050343,121,"background",0,0.598726114649682,0.124203821656051,0.0573248407643312,0,0,0,0.207006369426752,0,0.0127388535031847,1354.5409964692,791.493377147716,0,2019.19258820106,0
"DEHE028",9.57384009,8.817251,49.653465,484,"background",0,0,0,0,0,0,0,0,0.159744408945687,0.840255591054313,272.455089820359,0,0,0,0
"DEHE018",29.1195748,8.451527,50.010325,90,"background",0,0.674050632911392,0.10126582278481,0,0,0,0,0.0854430379746835,0.0506329113924051,0.0158227848101266,1239.96827914354,1704.14358604809,0,0,0
"DEHE043",20.14056413,8.516798,49.825165,87,"background",0,0.0128205128205128,0.00961538461538462,0,0,0,0,0,0.926282051282051,0,311.921877119219,0,0,0,0
"DEHE052",7.70929542,8.446079,50.221941,811,"background",0,0,0,0,0,0,0,0,0.0126182965299685,0.987381703470032,198.596231991134,0,1209.36807435144,0,0
"DEHE011",24.18263123,8.92157,50.13577,108,"background",0.0981012658227848,0.674050632911392,0.14873417721519,0,0,0,0,0.0791139240506329,0,0,1211.17793175579,1927.5747873969,1555.09609482312,0,0
"DEHE026",7.97372826,9.399441,50.16443,502,"background",0,0.0189873417721519,0,0,0,0,0,0.00949367088607595,0.477848101265823,0.493670886075949,68.1288282948034,0,2495.03961542411,0,0
"DEHE045",17.46495917,9.001981,49.672507,209,"background",0,0.639871382636656,0.279742765273312,0,0,0,0,0,0.0803858520900322,0,191.331340538055,2977.1469270814,0,0,0
"DEHE042",18.52167574,8.684397,50.532965,172,"background",0,0.261829652996845,0,0,0,0,0,0,0.545741324921136,0.192429022082019,559.815546772069,0,1880.70401149365,0,0
"DEHE044",24.77337032,8.060998,50.383217,128,"background",0.133333333333333,0.507936507936508,0.168253968253968,0.114285714285714,0,0,0,0,0.0603174603174603,0,758.693244739756,3487.03420344015,0,0,0
"DEHE030",24.53127056,8.769324,50.804258,182,"background",0.0859872611464968,0.780254777070064,0,0,0,0,0,0.121019108280255,0.00955414012738853,0.00318471337579618,595.836023240801,2017.68180126091,2687.69635814079,0,0
"DEHE039",8.81724051,9.459402,50.770381,491,"background",0,0,0,0,0,0,0,0,0.195512820512821,0.80448717948718,124.466034389699,1610.44539245841,0,0,0
"DEHE013",22.34249978,9.483397,51.314248,181,"background",0.20253164556962,0.610759493670886,0.0632911392405063,0.0791139240506329,0,0,0,0.0443037974683544,0,0,1854.12998688893,1163.85009045092,0,0,0
"DEHE058",24.28883351,9.682162,50.549297,272,"background",0.227564102564103,0.355769230769231,0.387820512820513,0,0,0,0,0.0128205128205128,0.016025641025641,0,646.414840445982,2722.35692270485,0,0,0
"DEHE051",5.19923881,9.935862,50.497711,931,"background",0,0,0,0,0,0.303225806451613,0,0,0.354838709677419,0.341935483870968,61.6090410652344,0,619.888373032992,0,0
"DEHE032",15.33499409,9.80026,50.970024,204,"background",0,0.652866242038217,0.0636942675159236,0.0923566878980892,0,0,0,0,0.191082802547771,0,148.312686885946,0,0,0,2569.51134571612
"DEHE050",9.26819465,9.271233,51.360755,489,"background",0,0,0,0,0,0,0,0,0.194888178913738,0.623003194888179,75.9043106437074,0,0,1618.58472090976,0
"DEHE060",7.19996472,9.031754,51.154843,483,"background",0,0,0,0,0,0,0,0,0,0.891373801916933,54.3679253434719,0,0,0,0
"DEHE024",6.78109259,9.774588,51.291757,610,"background",0,0,0,0,0,0,0,0,0,0.996845425867508,0,0,0,0,0
"DERP016",8.05898114,7.9735,50.766751,480,"background",0,0.00964630225080386,0,0,0,0,0,0,0.0160771704180064,0.97427652733119,230.482095406808,0,0,0,0
"DERP022",24.39571609,7.866208,49.842136,108,"background",0.0946372239747634,0.577287066246057,0.296529968454259,0,0,0,0,0,0.0220820189274448,0.00946372239747634,888.117921984541,1879.53476373245,0,0,0
"DERP014",6.00266206,7.193486,49.741035,650,"background",0,0,0,0,0,0,0,0,0,1,93.906271989492,0,0,0,0
"DERP021",23.10821446,7.481394,50.424674,65,"background",0,0.257234726688103,0.334405144694534,0,0,0,0,0.0932475884244373,0.295819935691318,0,743.815028901734,2478.05651480648,1544.87768426422,0,0
"DERP028",9.5882628,7.7299,50.4243,546,"background",0,0,0,0,0,0,0,0,0,1,256.509676993196,0,0,0,0
"DERP015",6.45867509,6.3781,50.2665,680,"background",0,0,0,0,0,0,0,0,0,1,46.0572975993466,0,0,0,0
"DERP019",22.77030316,7.7673,49.446,232,"background",0.140575079872204,0.837060702875399,0.0223642172523962,0,0,0,0,0,0,0,705.02361528553,380.875245173201,0,0,1725.34641316743
"DERP001",25.1165092,8.402374,49.515052,91,"background",0,0.422712933753943,0.189274447949527,0,0,0,0,0.0504731861198738,0.334384858044164,0.00315457413249211,2124.02321083172,0,0,0,0
"DERP007",23.18246893,8.216498,50.017078,120,"background",0,0.520766773162939,0.0511182108626198,0,0,0,0,0.10223642172524,0.319488817891374,0.00638977635782748,2146.2962962963,0,67.4030095524835,1381.9782143085,0
"DERP009",39.00167057,8.273965,49.994975,110,"background",0.0851735015772871,0.67192429022082,0,0.00630914826498423,0,0,0,0.0977917981072555,0,0,2146.2962962963,1487.92196711208,1704.8754095052,0,0
"DERP060",17.83194114,7.614573,49.191996,378,"background",0,0.677215189873418,0,0,0,0,0,0,0.0126582278481013,0.310126582278481,653.821085220792,0,2764.69283680499,0,0
"DERP053",31.55038443,8.423005,49.351143,103,"background",0,0.329113924050633,0.10126582278481,0,0,0,0,0,0.107594936708861,0.379746835443038,1180.37558685446,1908.40567949337,850.547162374306,1917.63105394588,0
"DERP025",18.95252111,8.253547,49.052321,104,"background",0,0.610932475884244,0,0,0,0,0.0160771704180064,0,0.106109324758842,0.266881028938907,134.039805530234,0,0,1203.87513443515,0
"DERP013",8.06573256,7.293522,49.423137,455,"background",0,0.00964630225080386,0,0,0,0,0,0,0.781350482315113,0.209003215434084,287.372634643377,0,0,0,0
"DERP017",6.33975919,7.826521,49.270263,606,"background",0,0,0,0,0,0,0,0,0,1,115.033578768509,0,0,0,0
"DEBW013",32.31217978,9.229745,48.8088,235,"background",0.205128205128205,0.673076923076923,0.0448717948717949,0,0,0,0,0.0641025641025641,0.0128205128205128,0,3008.14082469255,0,0,0,0
"DEBW112",14.88304093,8.904442,48.645608,466,"background",0,0.439102564102564,0.121794871794872,0,0,0,0,0,0.439102564102564,0,541.331228624046,0,0,0,253.893250474087
"DEBW042",31.43543123,9.227769,48.678069,370,"background",0,0.49211356466877,0,0,0,0,0,0,0.50788643533123,0,1166.71854734112,1943.57241802595,0,0,0
"DEBW024",27.45700302,9.172792,48.899233,302,"background",0.0906148867313916,0.543689320388349,0.216828478964401,0,0,0,0,0,0.142394822006472,0.00647249190938511,2144.70588235294,1087.22123731528,327.594584421203,0,0
"DEBW015",30.42363615,9.224786,49.165508,157,"background",0,0.0737179487179487,0.503205128205128,0,0.00320512820512821,0,0,0,0.403846153846154,0.016025641025641,1227.1425710853,2001.94258194586,0,0,0
"DEBW056",19.63400436,9.733231,49.107878,306,"background",0.0993589743589744,0.653846153846154,0.118589743589744,0,0,0,0,0,0.092948717948718,0.0352564102564103,271.377697459339,1434.77495491433,1020.98846191688,0,0
"DEBW059",14.17186587,9.657919,49.634841,177,"background",0,0.121794871794872,0.259615384615385,0,0,0,0,0,0.602564102564103,0.016025641025641,101.821659927829,0,1815.46970847812,0,0
"DEBW029",23.24810716,10.096292,48.847917,424,"background",0.126582278481013,0.338607594936709,0.262658227848101,0,0,0,0,0,0.253164556962025,0.0189873417721519,356.419764117227,0,2042.38192336774,0,0
"DEBW076",16.19792395,8.220214,48.773072,148,"background",0,0.5,0,0,0,0,0,0,0,0.5,386.277726267741,2012.90636150697,0,0,0
"DEBW081",24.38074194,8.355628,49.028594,114,"background",0,0.562300319488818,0.389776357827476,0,0,0,0,0,0.0447284345047923,0,1774.21307506053,1937.6245783903,0,0,0
"DEBW004",24.45101921,8.40666,49.07655,109,"background",0,0.199367088607595,0,0,0,0,0,0,0.357594936708861,0.443037974683544,610.157148332695,2004.19280171933,0,0,0
"DEBW009",26.60805306,8.6767,49.419528,112,"background",0.0221518987341772,0.515822784810127,0.316455696202532,0,0,0,0,0,0.120253164556962,0,1435.88165028025,1216.2719099811,0,0,0
"DEBW010",19.76293103,8.700103,49.300731,162,"background",0,0.471153846153846,0.21474358974359,0,0,0,0,0,0.147435897435897,0.166666666666667,666.52182127338,0,0,0,0
"DEBW033",26.55009319,8.665536,48.889039,278,"background",0,0.507987220447284,0.198083067092652,0,0,0,0,0.281150159744409,0.012779552715655,0,1247.41836734694,2033.44510450885,0,0,0
"DEBW084",19.46076833,7.832122,48.001511,262,"background",0.0253164556962025,0.585443037974684,0.306962025316456,0,0,0,0,0.0822784810126582,0,0,1479.11276623546,2694.32043085513,0,0,1977.9431242796
"DEBW073",19.96183827,7.567969,47.819019,223,"background",0,0.582802547770701,0.0222929936305732,0,0,0,0,0,0.340764331210191,0.054140127388535,273.821396192203,2130.60340920346,0,1199.17703954108,0
"DEUB004",2.5253961,7.908035,47.913256,1205,"background",0,0,0,0,0,0,0,0,0.31629392971246,0.68370607028754,132.986383870123,0,4.84622441527002,0,0
"DEBW031",4.23161335,7.764528,47.809892,904,"background",0,0,0,0,0,0,0,0,0.00946372239747634,0.990536277602524,262.083807048887,0,0,0,0
"DEBW039",15.15470643,8.463597,48.048656,700,"background",0.0318471337579618,0.251592356687898,0.347133757961783,0,0,0,0,0,0.308917197452229,0.0605095541401274,399.084337349398,1021.37807197733,699.56721622714,0,0
"DEBW052",23.07802492,9.169289,47.664361,403,"background",0.107936507936508,0.473015873015873,0.13968253968254,0,0,0,0,0,0.114285714285714,0,1019.69583377959,2535.34684096256,0,0,2551.17975073943
"DEBW023",17.99277641,7.633271,47.588152,275,"background",0,0.441269841269841,0,0,0,0,0,0.0507936507936508,0.288888888888889,0.219047619047619,1542.37288135593,1642.69096386727,0,0,0
"DEBW027",26.65798774,9.20732,48.488887,385,"background",0.188679245283019,0.707547169811321,0.10377358490566,0,0,0,0,0,0,0,1313.00252699288,2920.55022568032,1214.52316585638,0,0
"DEBW087",7.57137711,9.207639,48.345778,798,"background",0,0.0571428571428571,0,0,0,0,0,0,0.942857142857143,0,115.360757427359,0,0,0,0
"DEBW107",21.90152485,9.051178,48.507703,325,"background",0,0.458333333333333,0.0833333333333333,0.092948717948718,0,0,0,0.121794871794872,0.240384615384615,0.00320512820512821,808.953015168331,3514.82353734718,0,0,0
"DEBW019",28.88872075,9.979031,48.396836,481,"background",0.125,0.362179487179487,0.33974358974359,0.144230769230769,0,0,0,0.0288461538461538,0,0,1033.24627180049,4307.93129645905,0,0,0
"DEBW046",18.02873429,9.800325,48.089886,534,"background",0,0.466666666666667,0.292063492063492,0,0,0,0,0.136507936507936,0.0603174603174603,0.0444444444444444,197.48949789958,3720.12366974573,0,0,0
"DEBW038",26.24145573,9.485675,47.660056,404,"background",0.0288461538461538,0.605769230769231,0.278846153846154,0,0,0.00641025641025641,0,0.0769230769230769,0,0,827.626262626263,3965.84529540734,0,0,0
"DEBY039",33.18022309,11.554669,48.154534,521,"background",0.221864951768489,0.52411575562701,0.241157556270096,0,0,0,0,0.0128617363344051,0,0,4668.10749919537,0,0,0,0
"DEBY089",22.50312578,11.648036,48.173194,513,"background",0,0.348101265822785,0.132911392405063,0,0,0,0,0.0316455696202532,0.487341772151899,0,4668.10749919537,0,0,0,0
"DEBY189",25.86124856,11.46445,48.18169,510,"background",0,0.7491961414791,0.0932475884244373,0,0,0,0,0.0803858520900322,0.0771704180064309,0,4668.10749919537,0,0,0,0
"DEBY012",23.03092507,12.829314,48.177175,420,"background",0,0.440514469453376,0.180064308681672,0,0,0,0,0.112540192926045,0.154340836012862,0.112540192926045,921.706208985361,2042.27353108703,0,0,0
"DEBY013",14.16540045,12.781387,48.182835,415,"background",0,0.0474683544303797,0,0,0,0,0,0,0.901898734177215,0.0506329113924051,174.399359316604,0,1242.76505055299,0,0
"DEBY123",15.96365393,11.062283,47.483194,720,"background",0,0.214511041009464,0.205047318611987,0,0,0,0,0,0.258675078864353,0.321766561514196,130.414275989497,2071.36457349807,0,0,0
"DEBY109",7.44084312,11.220172,47.968753,700,"background",0,0,0,0,0,0,0,0,0.297124600638978,0.702875399361022,87.215628090999,0,0,0,0
"DEBY088",18.54211626,12.538174,48.021657,488,"background",0,0.330188679245283,0.0408805031446541,0,0,0,0,0.0723270440251572,0.421383647798742,0.135220125786164,214.801163918526,2282.03213332503,610.194353327082,0,0
"DEBY118",32.4913669,13.422039,48.573629,300,"background",0,0.292063492063492,0.244444444444444,0.0571428571428571,0,0,0,0.0571428571428571,0.158730158730159,0.0761904761904762,726.83628000575,3838.52345092077,0,0,0
"DEUB046",5.95548546,13.420573,48.947611,858,"background",0,0,0,0,0,0,0,0,0,0.721518987341772,70.6524435623915,0,0,0,0
"DEBY049",11.35445459,11.777818,48.853211,359,"background",0,0,0,0,0,0,0,0,0.905362776025237,0.0410094637223975,146.109448482257,0,2068.13880963344,0,0
"DEBY030",20.30584002,11.948795,48.904228,340,"background",0,0.24203821656051,0,0,0,0,0,0,0.503184713375796,0.203821656050955,115.428664921466,2027.3635501345,0,0,0
"DEBY075",24.73979678,12.159361,49.67895,400,"background",0.10223642172524,0.613418530351438,0.178913738019169,0,0,0,0,0,0.105431309904153,0,596.102055279943,0,2027.17221720466,0,0
"DEBY072",6.14316026,12.548869,49.438464,755,"background",0,0,0,0,0,0,0,0,0.380191693290735,0.619808306709265,44.0977951102445,0,0,0,0
"DEBY067",21.98460473,12.128139,49.321955,380,"background",0.00641025641025641,0.442307692307692,0.0705128205128205,0,0,0,0,0,0.182692307692308,0.298076923076923,230.093714655033,0,0,0,0
"DEBY009",22.77328989,10.887686,49.89833,231,"background",0.0883280757097792,0.779179810725552,0.113564668769716,0,0,0,0,0.0189274447949527,0,0,1342.5668253387,0,653.861492645812,0,1971.85156857177
"DEBY020",16.49394268,11.897492,50.320611,525,"background",0,0.674050632911392,0.193037974683544,0,0,0,0,0,0.132911392405063,0,769.601930036188,2459.3343020533,0,0,0
"DEBY032",19.09215011,11.442591,50.103135,303,"background",0,0.515923566878981,0.452229299363057,0,0,0,0,0,0.0318471337579618,0,279.480547472788,3187.1231716805,0,0,0
"DEBY113",17.68063058,10.963528,49.605914,284,"background",0,0.309904153354633,0,0,0,0,0,0,0.172523961661342,0.488817891373802,1407.87524366472,0,0,0,0
"DEBY058",29.31521033,11.0248,49.462229,300,"background",0,0.295238095238095,0.625396825396825,0,0,0,0,0.0793650793650794,0,0,2736.21096684194,1977.0553225426,0,678.421276657972,0
"DEBY188",25.66942338,11.02792,49.32273,344,"background",0,0.69551282051282,0.16025641025641,0,0,0,0,0,0.0576923076923077,0.0865384615384615,990.396864282215,3191.1792896939,0,842.230939910791,0
"DEBY124",12.31749971,10.325,49.44406,362,"background",0,0.332268370607029,0,0,0,0,0,0,0.559105431309904,0.108626198083067,60.8109418954312,0,0,0,0
"DEBY005",30.44469264,9.117973,49.991518,134,"background",0,0.282958199356913,0.109324758842444,0,0,0,0,0,0.488745980707395,0.118971061093248,1104.30606691212,0,0,1922.2339616854,0
"DEBY068",25.3730539,10.232076,50.048397,231,"background",0.227848101265823,0.623417721518987,0.0537974683544304,0,0,0,0,0,0.0949367088607595,0,1455.71428571429,3608.89937592562,780.629030253809,0,0
"DEBY004",16.70029583,9.171544,49.869422,124,"background",0,0.376996805111821,0.012779552715655,0,0,0,0,0,0.472843450479233,0.0830670926517572,320.201173512154,0,1957.34881291261,0,0
"DEBY007",27.50088601,10.88837,48.376576,477,"background",0.129337539432177,0.615141955835962,0.217665615141956,0.028391167192429,0,0,0,0.00946372239747634,0,0,1950.24516480523,0,0,0,787.353406099278
"DEBY099",19.15187828,10.903051,48.326013,495,"background",0,0.39873417721519,0.414556962025316,0.00632911392405063,0,0,0,0,0.060126582278481,0.120253164556962,1950.24516480523,0,0,0,0
"DEBY031",21.74234548,10.306561,47.72514,678,"background",0.26517571884984,0.699680511182109,0,0,0,0,0,0,0,0.0351437699680511,1057.94879898862,1412.63009487446,0,0,1099.75468027919
"DEBY052",27.97647596,10.008293,48.397079,470,"background",0.166666666666667,0.518867924528302,0.210691823899371,0,0,0,0,0.10062893081761,0,0.00314465408805031,706.978754940711,0,2035.91516418386,0,0
"DEBY187",17.83218503,10.59772,48.95218,417,"background",0,0.493670886075949,0.0411392405063291,0,0,0,0,0,0.465189873417722,0,93.4556523209605,1973.32361556689,429.069865923217,0,0
"DEBY122",5.59196595,10.404232,47.518013,1169,"background",0,0.0888888888888889,0,0,0,0,0,0,0.441269841269841,0.26984126984127,36.6890217232833,2875.40719482234,0,0,0
"DESL010",22.79726282,6.948776,49.244247,211,"background",0,0.591639871382637,0.244372990353698,0,0,0,0,0.154340836012862,0,0.00964630225080386,1066.1978574421,1959.59897110032,0,52.1754376150501,0
"DESL011",16.41714497,7.036322,49.237227,315,"background",0,0.504761904761905,0.0698412698412698,0,0,0,0,0,0,0.425396825396825,1066.1978574421,0,0,0,0
"DESL012",30.84416638,6.987601,49.233464,192,"background",0.364217252396166,0.460063897763578,0.121405750798722,0.0351437699680511,0,0,0,0.0191693290734824,0,0,1066.1978574421,5567.01924184548,0,2084.77125471862,0
"DESL018",21.35228708,7.061679,49.299373,236,"background",0,0.71608832807571,0.00630914826498423,0,0,0,0,0,0,0.277602523659306,1005.89330024814,0,0,1156.95599702611,0
"DESL017",19.5775671,6.867744,49.254344,189,"background",0.0477707006369427,0.445859872611465,0.194267515923567,0,0,0,0,0.127388535031847,0,0.0636942675159236,583.405397346056,1916.47129993044,0,1222.1337574206,0
"DESL003",17.97481909,6.73354,49.357861,185,"background",0,0.398713826366559,0.414790996784566,0,0,0,0,0,0,0.186495176848875,920.299048482102,0,1408.58996809612,0,0
"DESL019",8.8389302,6.552037,49.416884,339,"background",0,0,0,0,0,0,0,0,0.780952380952381,0.219047619047619,236.805101373447,0,0,0,0
"DESL013",20.313117,6.753639,49.322646,181,"background",0,0.348101265822785,0.30379746835443,0,0,0,0,0.0854430379746835,0.183544303797468,0,803.512826438641,4158.39612664866,0,0,0
"DEBE010",27.87170178,13.349326,52.543041,35,"background",0,0.525477707006369,0.318471337579618,0,0.0605095541401274,0,0,0.0955414012738854,0,0,3947.59501620518,0,0,0,1613.30530761197
"DEBE018",25.77139214,13.348775,52.485814,40,"background",0,0.889240506329114,0.0759493670886076,0,0,0,0,0.0348101265822785,0,0,3947.59501620518,1990.68047168239,0,306.104771220195,0
"DEBE027",13.73528497,13.368103,52.398406,45,"background",0,0.0769230769230769,0.233974358974359,0,0,0,0,0.230769230769231,0.445512820512821,0.0128205128205128,3947.59501620518,0,0,0,0
"DEBE032",13.18640206,13.225144,52.473192,50,"background",0,0,0,0.0316455696202532,0,0,0,0,0,0.968354430379747,3947.59501620518,0,0,1390.76462229881,0
"DEBE034",26.78200439,13.430844,52.489451,35,"background",0,0.922829581993569,0,0,0,0,0,0.0771704180064309,0,0,3947.59501620518,0,0,0,0
"DEBE051",14.02440009,13.489531,52.643525,60,"background",0,0.272151898734177,0.177215189873418,0,0,0,0,0.0632911392405063,0.0632911392405063,0.424050632911392,3947.59501620518,0,0,0,0
"DEBE056",12.84684572,13.64705,52.447697,35,"background",0,0.116129032258065,0.2,0,0,0,0,0,0,0.190322580645161,3947.59501620518,0,0,0,0
"DEBE062",12.51145178,13.296081,52.653269,50,"background",0,0.138263665594855,0,0,0,0,0,0.0128617363344051,0.00643086816720257,0.829581993569132,3947.59501620518,1984.50010101051,0,0,0
"DEBE066",19.89824613,13.529504,52.485296,35,"background",0,0.726984126984127,0.161904761904762,0,0,0,0,0.111111111111111,0,0,3947.59501620518,0,0,0,0
"DEBE068",27.45255021,13.418833,52.513606,35,"background",0.20253164556962,0.674050632911392,0.0981012658227848,0.0158227848101266,0,0,0,0,0,0,3947.59501620518,2501.89884482371,0,0,0
"DEBB055",12.07318056,12.552303,52.420442,33,"background",0,0.604430379746835,0.164556962025316,0,0,0,0,0.193037974683544,0,0,311.58417134648,0,0,0,0
"DEBB064",15.28311321,14.33455,51.746344,75,"background",0,0.637820512820513,0.105769230769231,0.0576923076923077,0,0,0,0.163461538461538,0,0.0352564102564103,603.6148955495,2669.44654162433,0,0,870.91292634568
"DEBB092",13.63381193,14.52596,52.33468,74,"background",0,0.623417721518987,0.0949367088607595,0,0,0,0,0.281645569620253,0,0,392.911734866419,1222.63307170957,0,0,0
"DEBB021",20.56870702,13.059945,52.401352,31,"background",0,0.722397476340694,0.154574132492114,0,0,0,0,0.0977917981072555,0,0,891.075697211155,3629.79179227703,0,0,0
"DEBB075",14.89281003,13.123698,52.484168,39,"background",0,0.0511182108626198,0,0,0,0,0,0.0670926517571885,0.166134185303514,0.642172523961661,891.075697211155,1924.31525536978,0,0,0
"DEBB066",8.14332719,14.057064,51.897598,52,"background",0,0,0,0,0,0,0,0,0.550632911392405,0.449367088607595,17.5046509942255,0,0,0,0
"DEBB007",13.590032,13.526796,51.462734,89,"background",0,0.533546325878594,0.198083067092652,0,0,0,0,0,0.201277955271566,0.0191693290734824,201.724987678659,3862.74525579062,0,0,0
"DEBB067",12.40057466,12.885194,52.608609,31,"background",0,0.531645569620253,0.319620253164557,0,0,0,0,0,0.14873417721519,0,63.19421133117,2237.79350754793,0,0,0
"DEBB053",9.81916847,14.015252,52.563835,88,"background",0,0,0,0,0,0,0,0,1,0,59.322688642802,0,0,0,0
"DEUB030",4.60735479,13.031662,53.141303,65,"background",0,0.00318471337579618,0,0,0,0,0,0,0,0.656050955414013,28.186228774025,0,0,0,0
"DEBB048",14.54775493,12.809481,52.93189,43,"background",0,0.729903536977492,0.045016077170418,0,0,0,0,0.0192926045016077,0.122186495176849,0,100.622440622441,1998.21692299289,763.431781770686,0,0
"DEBB065",6.66981504,12.561389,52.194225,111,"background",0,0,0,0,0,0,0,0,0.019047619047619,0.980952380952381,47.1046723429491,0,0,0,0
"DEBB063",9.09939127,11.73846,52.99875,22,"background",0,0.615873015873016,0,0,0,0,0,0.184126984126984,0.0984126984126984,0.0888888888888889,339.83804068734,0,0,0,1646.0336322928
"DEBB083",11.48693168,14.3764,51.5645,99,"background",0,0.799363057324841,0.0127388535031847,0,0,0,0,0.0127388535031847,0.124203821656051,0.0509554140127389,122.862669245648,2380.29048991238,367.98750574368,0,0
"DEBB086",16.01999314,13.424304,52.349703,43,"background",0,0.663492063492063,0,0,0,0,0,0.158730158730159,0.142857142857143,0.0349206349206349,477.05274605764,1132.19593649871,0,0,0
"DEMV007",10.23862092,12.174105,54.161555,5,"background",0,0,0,0,0,0,0,0,0.882911392405063,0.104430379746835,1136.54970760234,0,1948.01271859193,0,0
"DEMV021",13.25164039,12.080003,54.17133,2,"background",0.0961538461538462,0.346153846153846,0,0,0.185897435897436,0,0,0.112179487179487,0.0865384615384615,0,1136.54970760234,1989.74785055065,1290.18478544322,0,0
"DEMV024",6.18068194,12.463929,53.396348,116,"background",0,0,0,0,0,0,0,0,0.817891373801917,0.0926517571884984,25.6281759243035,0,0,0,0
"DEMV019",9.43094882,12.175512,53.78175,17,"background",0,0.555555555555556,0,0,0,0,0,0.20952380952381,0.234920634920635,0,407.12773465067,0,0,0,0
"DEMV004",5.46591224,12.064708,53.817775,17,"background",0,0.10126582278481,0,0,0,0,0,0,0.889240506329114,0.00949367088607595,28.7002747580934,0,0,0,0
"DEUB028",5.01209956,12.721938,54.436985,1,"background",0,0,0.0377358490566038,0,0,0,0,0,0.584905660377358,0.122641509433962,61.039476294386,0,0,0,0
"DEMV026",5.13186737,13.342138,54.323514,17,"background",0,0.126984126984127,0,0,0,0,0,0,0.86031746031746,0.0126984126984127,67.3823558468074,0,1813.69543077657,0,0
"DEMV012",7.44645161,14.257407,53.520456,17,"background",0,0.0759493670886076,0,0,0,0,0,0,0.879746835443038,0.0443037974683544,25.1824732411445,0,0,0,2351.33945517099
"DEMV017",6.99776729,11.362965,53.302352,25,"background",0,0.105095541401274,0,0,0,0,0,0,0.722929936305732,0.171974522292994,30.4731677063952,0,2017.00260194626,0,0
"DESN011",21.65306813,12.917336,50.832461,300,"background",0,0.841772151898734,0.104430379746835,0.0158227848101266,0,0,0,0.0379746835443038,0,0,1125.80367653717,4614.28338260037,0,0,0
"DESN001",20.42194752,12.997278,50.570872,545,"background",0,0.774193548387097,0,0,0,0,0,0,0.225806451612903,0,726.645321949484,2782.40212711608,0,0,0
"DESN074",8.0534445,13.465078,50.659097,785,"background",0,0,0,0,0,0,0,0,0.834920634920635,0.165079365079365,139.632721202003,0,1522.910081035,0,0
"DESN017",19.04565878,13.346826,50.9163,393,"background",0,0.838095238095238,0.0825396825396825,0.0349206349206349,0,0,0,0.0444444444444444,0,0,861.062861869313,3832.09524691355,1027.40526242891,0,70.6810368783808
"DESN024",11.38457714,12.468739,50.354783,540,"background",0,0.414012738853503,0,0,0,0,0,0,0.232484076433121,0.353503184713376,174.127676447264,1827.81117746264,170.911617525243,0,0
"DESN093",9.76137407,12.211112,50.608136,430,"background",0,0.0926517571884984,0,0,0,0,0,0,0.670926517571885,0.236421725239617,206.371814092954,0,0,0,0
"DESN019",19.75836599,12.542056,50.826001,233,"background",0,0.625396825396825,0.247619047619048,0,0,0,0,0,0.126984126984127,0,451.641095358322,1823.34162606253,0,0,0
"DESN092",18.25904453,13.730205,51.036105,112,"background",0,0.626582278481013,0.306962025316456,0.0664556962025316,0,0,0,0,0,0,1656.43751332582,3030.90463604653,595.30015781567,0,0
"DESN004",16.01535979,14.443771,51.175669,203,"background",0,0.845659163987138,0.0707395498392283,0,0,0,0,0,0.0836012861736334,0,598.00390214618,2824.36282425828,0,0,0
"DESN045",13.32594306,14.822846,50.892377,230,"background",0,0.520766773162939,0.271565495207668,0,0,0,0,0.00319488817891374,0.204472843450479,0,385.256218160024,860.271781613103,2564.92635271848,0,158.774827807081
"DESN079",7.92364248,14.749731,51.285356,148,"background",0,0.0926517571884984,0,0,0,0,0,0,0.434504792332268,0.121405750798722,41.5785636164783,0,1919.28345236196,0,949.290107954465
"DESN051",13.39141369,13.675005,51.119514,246,"background",0,0.382165605095541,0,0,0,0,0,0,0.579617834394904,0.0382165605095541,1305.28938290533,0,0,0,0
"DESN052",7.55013294,13.75145,50.731478,877,"background",0,0.00319488817891374,0,0,0,0,0,0,0.527156549520767,0.29073482428115,54.3931541521032,590.754739803651,0,0,0
"DESN059",16.15543149,12.297411,51.317905,115,"background",0,0.871794871794872,0.0192307692307692,0,0,0,0,0.0833333333333333,0.0256410256410256,0,1884.63633612428,0,0,0,0
"DESN076",8.1895135,13.009406,51.303772,313,"background",0,0,0,0,0,0,0,0,0.452229299363057,0.547770700636943,50.847619959774,0,0,0,2275.21162230054
"DEST050",18.21465573,11.979056,51.496185,116,"background",0,0.687697160883281,0.170347003154574,0.0126182965299685,0,0,0,0.0946372239747634,0.0347003154574132,0,1755.22885498445,2186.56793330853,0,0,0
"DEST077",17.58713215,11.611464,52.127899,58,"background",0,0.617363344051447,0.144694533762058,0.0836012861736334,0,0,0,0.154340836012862,0,0,1172.75124378109,1609.705929071,0,0,0
"DEST089",6.28049625,11.172327,52.593136,95,"background",0,0,0,0,0,0,0,0,0,1,36.9542563512882,0,0,0,0
"DEST104",8.87279589,11.891412,51.837306,72,"background",0,0.0673076923076923,0,0,0,0,0,0,0.932692307692308,0,63.9155193541411,0,0,0,1896.77297064869
"DEST044",13.03068248,11.057442,51.896982,120,"background",0,0.752380952380952,0.215873015873016,0.00952380952380952,0,0,0,0,0.0222222222222222,0,306.112743040985,3726.15754937836,0,0,0
"DEST098",4.74199084,11.043386,51.662435,419,"background",0,0,0,0,0,0,0,0,0.440894568690096,0.559105431309904,48.9979351390745,0,0,0,0
"DEST011",13.64515896,10.790143,51.839382,235,"background",0,0.817307692307692,0.102564102564103,0,0,0,0,0.0641025641025641,0,0.016025641025641,194.54695028793,3021.95362523343,0,0,0
"DEST039",3.3871922,10.618275,51.798629,1130,"background",0,0,0,0,0,0,0,0,0,0.884244372990354,194.54695028793,0,0,0,0
"DEST002",13.05793703,11.864763,52.268354,47,"background",0,0.660377358490566,0,0,0,0,0,0.226415094339623,0.113207547169811,0,140.018287107589,3130.16787325914,0,0,650.032216108895
"DEST029",20.11240384,11.738962,51.803534,60,"background",0,0.431309904153355,0.159744408945687,0,0,0,0,0.293929712460064,0,0,298.933638847272,2290.41071721279,1967.48370774141,0,0
"DEST105",11.33846317,11.850274,52.602056,35,"background",0,0.762820512820513,0.0897435897435897,0.0576923076923077,0,0,0,0.0897435897435897,0,0,150.24625027983,0,1012.20164721749,0,83.3323034790339
"DEST066",11.59115863,12.663663,51.870852,71,"background",0,0.697160883280757,0.082018927444795,0,0,0,0,0.0725552050473186,0.0189274447949527,0,193.371889822751,2728.91148051963,0,0,0
"DETH020",22.90074573,11.037924,50.979455,195,"background",0.265822784810127,0.670886075949367,0.00316455696202532,0.060126582278481,0,0,0,0,0,0,778.56084185564,0,0,0,2107.68379825191
"DETH009",17.04569986,12.07471,50.877317,190,"background",0,0.564668769716088,0.126182965299685,0.0315457413249211,0,0,0,0.154574132492114,0,0.123028391167192,630.862737367764,808.048714455934,0,0,0
"DETH041",19.86318228,11.597062,50.933513,140,"background",0,0.619808306709265,0.137380191693291,0,0,0,0,0.242811501597444,0,0,954.400487974904,4677.32777683934,0,0,0
"DEUB029",4.54283139,10.769534,50.654066,937,"background",0,0,0,0,0,0,0,0,0,1,356.998641040575,0,987.222930775244,0,384.481253560501
"DETH093",20.03394316,11.3204,50.982544,224,"background",0,0.913738019169329,0.0575079872204473,0,0,0,0,0.0223642172523962,0,0.00638977635782748,759.126420454545,2621.92555149315,0,0,0
"DETH013",15.75320686,10.317236,50.978292,210,"background",0,0.886075949367089,0,0.0189873417721519,0,0,0,0.0221518987341772,0,0.0727848101265823,407.190169914563,1641.85722209491,0,0,0
"DETH018",18.02609221,10.791404,51.497195,185,"background",0,0.598726114649682,0.261146496815287,0.140127388535032,0,0,0,0,0,0,399.706494982011,2484.49102960581,0,0,0
"DETH095",18.22867315,10.450997,51.207944,215,"background",0,1,0,0,0,0,0,0,0,0,398.339866267005,2001.19556562765,1129.17513698225,0,0
"DETH042",8.04030887,10.867188,51.333333,420,"background",0,0,0,0,0,0,0,0,0,1,109.532329407087,0,0,0,0
"DETH060",16.23580998,10.668641,50.653245,490,"background",0,0.65615141955836,0.205047318611987,0,0,0,0,0,0.0851735015772871,0.0536277602523659,378.731742073388,2119.4118047078,0,0,0
"DETH026",10.97715295,10.375299,50.561754,450,"background",0,0.0923566878980892,0.299363057324841,0,0,0,0,0,0.343949044585987,0.264331210191083,199.469164715066,0,1975.5867187375,0,0
"DETH027",8.56054125,11.134593,50.499955,840,"background",0,0.167721518987342,0.113924050632911,0,0,0,0,0,0.0569620253164557,0.661392405063291,72.4048872553889,1086.75449123274,0,0,0
"DETH005",14.82663318,11.368875,50.651182,210,"background",0,0.501597444089457,0.233226837060703,0.153354632587859,0,0,0,0.0479233226837061,0.060702875399361,0.00319488817891374,513.872357890417,2929.43389611406,0,0,0
"DETH061",7.41623561,11.661233,50.791616,357,"background",0,0,0,0,0,0,0,0,0.00949367088607595,0.990506329113924,37.5456919060052,0,0,0,0
"DETH036",16.8442363,12.205199,50.655861,265,"background",0,0.892405063291139,0,0,0,0,0,0.0379746835443038,0.0506329113924051,0.0189873417721519,252.998703900082,2341.07185172695,0,0,0
"DETH011",18.35976805,12.437621,50.987758,185,"background",0,0.945686900958466,0,0,0,0,0,0.0543130990415335,0,0,720.288903479974,0,0,0,0
"DESH022",33.30421051,9.43809,54.78143,15,"traffic",0.105431309904153,0.814696485623003,0,0.0447284345047923,0,0,0,0.0223642172523962,0,0,1514.66337680649,0,2122.48064032996,0,0
"DESH027",41.24365129,10.135158,54.304676,8,"traffic",0.0569620253164557,0.534810126582278,0.294303797468354,0.00316455696202532,0,0,0,0.0917721518987342,0,0.00632911392405063,2075.90391908976,3381.48493630689,2382.80779913127,0,0
"DESH052",65.0370153,10.122364,54.304242,18,"traffic",0.053968253968254,0.777777777777778,0.111111111111111,0,0,0,0,0.0126984126984127,0,0.0444444444444444,2075.90391908976,2854.63301748402,1174.17079366938,0,0
"DESH053",29.50833283,10.67332,53.862237,6,"traffic",0.117088607594937,0.626582278481013,0.0221518987341772,0.0791139240506329,0,0,0,0.15506329113924,0,0,1009.53736987069,2014.03903783345,0,0,0
"DESH055",35.2482844,10.664881,53.87453,13,"traffic",0.107255520504732,0.586750788643533,0.135646687697161,0.0315457413249211,0,0,0,0.138801261829653,0,0,1009.53736987069,0,0,1509.75143381389,434.708648469206
"DESH035",22.95946538,9.156908,53.896117,0,"industrial",0,0.373417721518987,0.0727848101265823,0,0,0,0,0,0.268987341772152,0,195.278969957082,0,0,0,1953.63281369963
"DESH028",30.91536694,10.775796,53.698939,10,"traffic",0.0897435897435897,0.259615384615385,0,0,0,0,0,0,0.00641025641025641,0.0416666666666667,469.792010564543,2075.64785536256,0,0,0
"DESH030",42.70330354,9.997256,53.681993,26,"traffic",0,0.80952380952381,0.0984126984126984,0,0,0,0,0.0507936507936508,0.0412698412698413,0,1320.34423407917,2012.82286244438,0,0,0
"DESH025",36.42189095,9.511769,53.928028,11,"traffic",0,0.794212218649518,0.180064308681672,0,0,0,0,0,0.0257234726688103,0,1133.46414555833,3187.35099798186,0,0,0
"DEHH015",33.76372252,10.021227,53.523262,4,"industrial",0,0.200636942675159,0.127388535031847,0.130573248407643,0.292993630573248,0,0,0.0445859872611465,0,0,2366.4874884152,446.626750449404,0,2732.19196488641,0
"DEHH016",25.10973986,10.081685,53.52902,5,"industrial",0,0,0.906752411575563,0.00643086816720257,0,0,0,0.0739549839228296,0,0,2366.4874884152,0,0,0,0
"DEHH026",49.3765394,9.957236,53.560632,20,"traffic",0,0.846153846153846,0.118589743589744,0,0,0,0,0.0352564102564103,0,0,2366.4874884152,2244.39642103167,0,0,0
"DEHH064",48.17425555,9.94458,53.564399,16,"traffic",0,0.680379746835443,0.189873417721519,0.126582278481013,0,0,0,0.00316455696202532,0,0,2366.4874884152,3567.56252039355,0,0,0
"DEHH068",62.88000356,10.053859,53.592301,12,"traffic",0,0.907936507936508,0,0,0,0,0,0.0920634920634921,0,0,2366.4874884152,0,0,0,0
"DEHH070",61.88637332,9.943012,53.555668,25,"traffic",0,0.810725552050473,0.0441640378548896,0.145110410094637,0,0,0,0,0,0,2366.4874884152,1186.96053418651,0,0,0
"DEHH072",17.9989994,9.84408,53.535958,0,"industrial",0,0.288461538461538,0,0,0,0.576923076923077,0,0,0.0897435897435897,0,2366.4874884152,0,0,0,1917.93168647359
"DEHH073",16.57863538,9.832702,53.532075,5,"industrial",0,0.0854430379746835,0,0,0,0.598101265822785,0,0,0.208860759493671,0,2366.4874884152,0,0,0,0
"DENI075",39.63145391,10.54055,52.26673,81,"traffic",0.019047619047619,0.828571428571429,0.0285714285714286,0,0,0,0,0.123809523809524,0,0,1308.02934901389,0,0,0,0
"DENI070",16.39344765,10.45591,52.15369,93,"industrial",0,0.0791139240506329,0,0,0,0,0,0,0.920886075949367,0,451.406752411576,1992.09255714662,0,0,0
"DENI157",37.4981864,10.793683,52.427886,61,"traffic",0,0.420886075949367,0.300632911392405,0.0569620253164557,0,0,0,0.221518987341772,0,0,607.825362602901,0,1834.94102986456,0,1350.62793535359
"DENI068",41.59002219,9.92833,51.5302,150,"traffic",0.0825396825396825,0.533333333333333,0.168253968253968,0.0380952380952381,0,0,0,0.171428571428571,0,0.00634920634920635,1017.31542475832,3116.75311928125,268.632673230167,0,0
"DENI071",19.51794402,10.42275,51.61365,273,"traffic",0,0.338607594936709,0.00632911392405063,0,0,0,0,0,0.617088607594937,0.0379746835443038,255.018050541516,0,0,0,0
"DENI048",49.13168457,9.7155,52.359478,66,"traffic",0,0.399361022364217,0.306709265175719,0.0862619808306709,0,0,0,0.207667731629393,0,0,2606.72544697526,2056.46804163923,0,0,0
"DENI143",52.32965017,8.212084,53.142836,8,"traffic",0,0.881789137380192,0,0.0702875399361022,0,0,0,0.0479233226837061,0,0,1590.73696475386,0,2205.64054528096,0,0
"DENI067",50.1595699,8.04147,52.2703,69,"traffic",0,0.974683544303797,0,0,0,0,0,0.0253164556962025,0,0,1355.73086234243,1999.97901562038,0,0,0
"DENI053",14.13234051,7.94257,52.99796,17,"industrial",0,0.4,0,0,0,0,0,0,0.558730158730159,0.0412698412698413,77.1188978736149,0,0,0,0
"DEHB006",47.12242243,8.825173,53.078663,7,"traffic",0.00638977635782748,0.865814696485623,0,0.0702875399361022,0,0,0,0.0575079872204473,0,0,1712.32338125077,0,0,0,2114.0738402519
"DEHB013",15.09997593,8.69506,53.1177,4,"industrial",0,0.0868167202572347,0.212218649517685,0,0.0578778135048231,0,0,0.0868167202572347,0.331189710610932,0,1712.32338125077,0,0,0,0
"DEHB011",41.96707147,8.59876,53.585262,4,"traffic",0,0.876582278481013,0.0253164556962025,0,0,0,0,0.0791139240506329,0,0.0189873417721519,1215.35919846515,0,0,0,3168.37314845127
"DENW082",58.91181781,6.782565,51.21311,37,"traffic",0.205047318611987,0.712933753943218,0.0599369085173502,0,0,0,0,0.0220820189274448,0,0,2815.77664320868,1076.85308030693,0,0,0
"DENW034",25.90334401,6.748402,51.524022,28,"industrial",0,0.701587301587302,0.0412698412698413,0,0,0,0,0.171428571428571,0.0857142857142857,0,2110.09879725086,0,2158.11369264397,1406.59092831244,0
"DENW112",37.3436325,6.771801,51.437708,34,"traffic",0.0987261146496815,0.592356687898089,0.181528662420382,0.0445859872611465,0,0,0,0.00955414012738853,0.0159235668789809,0,2110.09879725086,0,0,3366.97061125859,0
"DENW338",34.45062015,6.735431,51.485492,28,"industrial",0,0.350157728706625,0.545741324921136,0,0,0,0,0.10410094637224,0,0,2110.09879725086,0,0,1869.30954929639,0
"DENW043",35.55592104,7.030603,51.451177,100,"traffic",0,0.828478964401295,0.0355987055016181,0.135922330097087,0,0,0,0,0,0,2769.91537510697,0,0,3404.96138903975,0
"DENW134",43.45150659,7.005278,51.477931,55,"traffic",0,0.570977917981073,0.22397476340694,0,0,0,0,0.205047318611987,0,0,2769.91537510697,2029.12396252918,0,0,0
"DENW116",28.4979385,6.670195,51.342561,30,"industrial",0,0,0.507987220447284,0,0,0,0,0.0159744408945687,0.172523961661342,0.0287539936102236,1634.08332123675,0,0,0,0
"DENW100",22.06245589,6.458842,51.169967,51,"traffic",0,0.667731629392971,0.137380191693291,0,0,0,0,0.140575079872204,0.0543130990415335,0,1525.17158444301,0,0,0,0
"DENW354",37.54398914,6.45683,51.12031,38,"traffic",0,0.217252396166134,0.118210862619808,0,0,0,0,0.108626198083067,0.55591054313099,0,1525.17158444301,1886.37075646358,0,0,0
"DENW259",32.04806005,6.439975,51.169437,69,"traffic",0,0.932692307692308,0.00320512820512821,0,0,0,0,0.0641025641025641,0,0,1525.17158444301,1985.71501548068,0,0,0
"DENW188",52.58081707,6.863657,51.474971,42,"traffic",0,0.801916932907348,0.108626198083067,0.0862619808306709,0,0,0,0.00319488817891374,0,0,2735.8495460441,1993.43117152981,1643.09050557268,0,0
"DENW189",51.47775603,7.147401,51.260681,160,"traffic",0.111821086261981,0.837060702875399,0,0,0,0,0,0.0511182108626198,0,0,2078.78140032068,1588.82197499383,0,790.454613667408,0
"DENW337",17.9230658,6.469463,51.097638,83,"industrial",0,0.34493670886076,0,0.0537974683544304,0,0,0.120253164556962,0,0.481012658227848,0,323.639905384722,0,0,4321.96441734598,0
"DENW211",66.28044887,7.00459,50.962857,48,"traffic",0,0.658227848101266,0.15506329113924,0,0,0,0,0,0.0443037974683544,0,2618.59167448521,4034.49989911914,0,0,0
"DENW212",46.34335887,6.957701,50.947367,49,"traffic",0.384615384615385,0.358974358974359,0.016025641025641,0.0544871794871795,0,0,0,0.0224358974358974,0,0,2618.59167448521,4031.43366277664,0,0,0
"DENW355",47.00605789,7.010934,51.031473,49,"traffic",0,0.620253164556962,0.19620253164557,0,0,0,0,0.177215189873418,0,0,2072.86674274122,0,0,1976.88659446388,0
"DENW207",50.17756033,6.095775,50.773131,163,"traffic",0.258785942492013,0.699680511182109,0,0,0,0,0,0.0415335463258786,0,0,1528.66024246192,4786.20611408843,0,0,0
"DENW329",18.8296304,6.451483,51.033834,112,"industrial",0,0.111821086261981,0,0.0926517571884984,0,0,0,0,0.795527156549521,0,120.814479638009,0,0,3872.77260659905,0
"DENW058",21.15361709,6.873789,50.876121,90,"industrial",0,0.581993569131833,0,0,0,0,0,0.090032154340836,0.131832797427653,0.196141479099678,1161.57750878563,1833.3837516211,0,0,0
"DENW021",26.32454737,6.976908,51.525963,40,"industrial",0,0.449367088607595,0.189873417721519,0,0,0,0,0.189873417721519,0.132911392405063,0.00632911392405063,1164.32760163006,887.273753479147,0,0,0
"DENW208",49.88754556,7.084597,51.527883,40,"traffic",0,0.191693290734824,0.795527156549521,0.00638977635782748,0,0,0,0.00638977635782748,0,0,2481.11301696207,0,0,2122.62437347031,0
"DENW260",38.90636225,7.619387,51.953267,63,"traffic",0.200636942675159,0.627388535031847,0.0732484076433121,0.0159235668789809,0,0,0,0.0127388535031847,0,0,1022.28633605909,3714.75925860461,0,0,0
"DENW200",30.69077499,8.552804,52.005624,137,"traffic",0,0.676190476190476,0.0920634920634921,0,0,0,0,0.187301587301587,0.00634920634920635,0.0380952380952381,1286.95618576617,2006.77472020159,0,0,0
"DENW101",38.70779212,7.464347,51.519639,74,"traffic",0.328025477707006,0.554140127388535,0.0414012738853503,0.0764331210191083,0,0,0,0,0,0,2088.20847137615,3625.27902616123,0,0,0
"DENW136",49.18241912,7.483597,51.523567,76,"traffic",0.0159235668789809,0.401273885350318,0.43312101910828,0.0445859872611465,0,0,0,0.0828025477707006,0,0,2088.20847137615,0,0,0,0
"DENW133",48.52206249,7.46353,51.362829,106,"traffic",0.113924050632911,0.534810126582278,0.120253164556962,0.107594936708861,0,0,0,0,0,0.123417721518987,1178.21128077283,1920.49749950914,1837.53034951398,0,0
"DENW203",41.4219597,7.150186,51.543141,40,"traffic",0,0.729903536977492,0.212218649517685,0,0,0,0,0,0.0257234726688103,0.0128617363344051,3030.94126798911,1953.84162819865,0,1811.31210537805,0
"DENW356",35.10785019,7.643095,51.227609,375,"traffic",0,0.712933753943218,0.10410094637224,0,0,0,0,0.0441640378548896,0.110410094637224,0.028391167192429,842.955642381062,0,0,350.663371239383,0
"DENW181",11.91870397,8.360714,51.443012,315,"industrial",0,0.391167192429022,0.082018927444795,0,0,0,0.148264984227129,0,0.378548895899054,0,160.773270897931,1562.16587307626,0,0,0
"DEHE040",60.53682841,8.653745,49.869457,158,"traffic",0.10410094637224,0.823343848580442,0.0662460567823344,0,0,0,0,0.00630914826498423,0,0,1272.44655581948,4652.33563760834,576.237964514506,0,0
"DEHE041",52.75117947,8.691911,50.124589,119,"traffic",0.264331210191083,0.656050955414013,0.0222929936305732,0,0,0,0,0.0573248407643312,0,0,2950.69872336998,2483.63944396868,0,0,0
"DEHE116",40.1664824,8.784892,50.101494,108,"traffic",0.012779552715655,0.501597444089457,0.297124600638978,0.0862619808306709,0,0,0,0.060702875399361,0,0.0415335463258786,2756.38226776565,3097.1942290838,0,0,0
"DEHE037",52.82847841,8.230316,50.077191,145,"traffic",0.504731861198738,0.438485804416404,0.056782334384858,0,0,0,0,0,0,0,1354.5409964692,2939.45951145832,0,0,0
"DEHE112",53.4806649,8.228865,50.072119,140,"traffic",0.26031746031746,0.593650793650794,0.142857142857143,0.00317460317460317,0,0,0,0,0,0,1354.5409964692,2965.42491665151,0,0,0
"DEHE063",35.37399733,8.642,49.643238,110,"traffic",0,0.661341853035144,0.0670926517571885,0,0,0,0,0,0.0223642172523962,0.201277955271566,484.925201380898,4066.12624277676,0,0,0
"DEHE061",44.96103875,8.668579,50.584108,162,"traffic",0,0.665615141955836,0.173501577287066,0.0378548895899054,0,0,0,0.0914826498422713,0.0315457413249211,0,1163.93329658214,0,2237.09057736223,0,0
"DEHE020",28.98636329,8.500619,50.567185,152,"traffic",0.0603174603174603,0.368253968253968,0.466666666666667,0,0,0,0,0,0.0761904761904762,0.0285714285714286,682.555834544734,1749.14271666781,0,0,0
"DEHE062",47.09727958,8.769396,50.807018,186,"traffic",0.0987261146496815,0.767515923566879,0.0254777070063694,0,0,0,0,0.101910828025478,0,0.00636942675159236,595.836023240801,1962.93652779152,1245.78463663999,0,0
"DEHE049",42.08982324,9.49112,51.312076,179,"traffic",0.25,0.44620253164557,0.0126582278481013,0.0411392405063291,0,0,0,0.25,0,0,1854.12998688893,1890.57384978333,0,0,0
"DEHE059",41.45303509,9.684854,50.550028,277,"traffic",0.227564102564103,0.442307692307692,0.330128205128205,0,0,0,0,0,0,0,646.414840445982,2478.15606091228,0,0,0
"DERP024",36.97700574,7.596583,50.3544,68,"traffic",0.174050632911392,0.525316455696203,0.0822784810126582,0,0,0,0,0.0158227848101266,0,0.00316455696202532,1070.9217159707,3453.1847812318,0,0,0
"DERP045",44.89863081,7.592515,50.359605,70,"traffic",0.173501577287066,0.539432176656151,0.1198738170347,0.00315457413249211,0,0,0,0.00315457413249211,0,0,1070.9217159707,4082.39128422819,0,0,0
"DERP046",27.51674481,7.460812,50.431398,65,"traffic",0,0.563291139240506,0.183544303797468,0,0,0,0,0.0854430379746835,0.0221518987341772,0,743.815028901734,1807.72696374274,448.871468691171,0,0
"DERP047",19.88258829,6.690488,49.783942,131,"industrial",0,0.254019292604502,0.176848874598071,0.209003215434084,0,0,0,0,0.257234726688103,0.00964630225080386,981.080850337232,1819.71051115432,0,1960.99197854468,0
"DERP020",33.65143089,6.646762,49.754192,140,"traffic",0,0.743670886075949,0.14873417721519,0,0,0,0,0,0.0221518987341772,0.0854430379746835,981.080850337232,0,2241.16864631609,0,0
"DERP026",33.6919564,8.3553,49.5333,99,"traffic",0,0.808306709265176,0.146964856230032,0,0,0,0,0.0447284345047923,0,0,1105.1873857404,1046.39661229392,1684.9775268984,0,0
"DERP003",31.43435645,8.425833,49.455378,98,"industrial",0,0.493589743589744,0.384615384615385,0,0.102564102564103,0,0,0,0.016025641025641,0,2124.02321083172,2055.31304548205,0,0,0
"DERP041",46.42304491,8.443654,49.47869,94,"traffic",0.255520504731861,0.429022082018927,0.0694006309148265,0.167192429022082,0,0,0,0,0,0,2124.02321083172,4585.64362814767,0,0,0
"DERP010",56.78636926,8.261277,50.000973,85,"traffic",0.105095541401274,0.773885350318471,0,0.0668789808917197,0,0,0,0.054140127388535,0,0,2146.2962962963,2493.59641067949,326.126689037853,0,0
"DERP011",39.5716245,8.265563,50.009954,85,"traffic",0.053968253968254,0.514285714285714,0.00952380952380952,0.019047619047619,0.053968253968254,0,0,0,0.0380952380952381,0,2146.2962962963,2081.79104631872,264.75290521364,0,0
"DERP012",44.60211252,8.268996,49.998837,85,"traffic",0.118210862619808,0.670926517571885,0,0.0351437699680511,0,0,0,0.0702875399361022,0,0,2146.2962962963,2858.82135187783,1340.88386943539,0,0
"DERP023",28.84103365,8.3649,49.6287,97,"traffic",0,0.657051282051282,0.176282051282051,0,0,0,0,0.150641025641026,0.00320512820512821,0,755.099788466844,4836.42589032819,0,0,0
"DEBW099",61.70848407,9.18072,48.78313,244,"traffic",0.431309904153355,0.268370607028754,0.0830670926517572,0.00958466453674121,0,0,0.108626198083067,0.0990415335463259,0,0,3008.14082469255,4571.09986068614,0,0,0
"DEBW116",76.79031692,9.18449,48.76871,302,"traffic",0.337579617834395,0.522292993630573,0,0,0,0,0,0.00318471337579618,0,0.136942675159236,3008.14082469255,4206.68684630651,0,0,0
"DEBW118",87.23371022,9.19101,48.7881,239,"traffic",0.25796178343949,0.32484076433121,0.0732484076433121,0.0477707006369427,0,0,0.10828025477707,0.187898089171975,0,0,3008.14082469255,3240.08382696581,0,0,0
"DEBW120",47.19687972,9.01652,48.80102,387,"traffic",0,0.828571428571429,0.019047619047619,0,0,0,0,0,0.142857142857143,0.00952380952380952,968.79359868691,2315.43578191008,0,0,0
"DEBW117",58.00629453,9.19003,48.8892,299,"traffic",0.107255520504732,0.299684542586751,0.44794952681388,0.0157728706624606,0,0,0,0.0788643533123028,0.0504731861198738,0,2144.70588235294,1873.56843076809,3033.31120112927,0,0
"DEBW152",63.607577,9.22589,49.146,165,"traffic",0.357827476038339,0.498402555910543,0.143769968051118,0,0,0,0,0,0,0,1227.1425710853,4070.73642033199,0,0,0
"DEBW080",44.57362792,8.38719,49.00796,119,"traffic",0.157728706624606,0.615141955835962,0.195583596214511,0,0,0,0,0.0315457413249211,0,0,1774.21307506053,1920.63037826034,0,0,0
"DEBW125",40.35932045,8.52628,49.00371,135,"traffic",0,0.574193548387097,0,0,0,0,0,0,0.3,0.125806451612903,576.940418679549,2987.57197140576,0,0,0
"DEBW005",28.27312104,8.465281,49.544078,94,"industrial",0,0.515822784810127,0.205696202531646,0,0,0,0,0,0.278481012658228,0,2109.40949227373,1867.33918958647,0,0,0
"DEBW098",46.97043928,8.47204,49.49256,101,"traffic",0.572784810126582,0.189873417721519,0.0537974683544304,0,0.0506329113924051,0,0,0.0158227848101266,0.0822784810126582,0,2109.40949227373,2216.62957022382,0,0,0
"DEBW122",55.70656416,7.85992,47.9882,289,"traffic",0.0476190476190476,0.622222222222222,0,0,0,0,0,0,0,0.33015873015873,1479.11276623546,3087.72292398185,485.025183302168,0,0
"DEBW022",26.30155029,7.802317,48.578178,136,"industrial",0,0.10410094637224,0.315457413249211,0.056782334384858,0.217665615141956,0,0,0.100946372239748,0,0,466.657786066338,1071.09852581018,0,0,0
"DEBW156",43.85041293,8.39062,48.22915,458,"traffic",0,0.431746031746032,0,0,0,0,0,0,0.0571428571428571,0.511111111111111,222.912408759124,2858.89104093266,2067.2826107171,0,0
"DEBW147",69.73734177,9.21079,48.48933,382,"traffic",0.210191082802548,0.681528662420382,0.10828025477707,0,0,0,0,0,0,0,1313.00252699288,3045.73313449788,998.464189277639,0,0
"DEBY021",27.3586569,11.428766,48.769444,374,"traffic",0.136942675159236,0.343949044585987,0.375796178343949,0,0,0,0,0.111464968152866,0,0,993.011921721527,2938.35167234493,0,0,0
"DEBY037",63.55206006,11.564924,48.137252,521,"traffic",0.781350482315113,0.115755627009646,0.045016077170418,0.0578778135048231,0,0,0,0,0,0,4668.10749919537,0,0,0,2692.42207920862
"DEBY115",83.6029184,11.536513,48.149606,521,"traffic",0,0.765822784810127,0.151898734177215,0.0822784810126582,0,0,0,0,0,0,4668.10749919537,1988.50905206482,0,0,0
"DEBY121",44.37801167,12.188324,47.648459,469,"traffic",0,0.111111111111111,0,0,0,0,0,0,0.688888888888889,0.123809523809524,84.8735244519393,0,0,1978.45676394421,0
"DEBY033",28.89088426,12.157051,48.539801,390,"traffic",0.0946372239747634,0.643533123028391,0.123028391167192,0,0,0,0,0.107255520504732,0.028391167192429,0.00315457413249211,1051.67907612825,762.321292580114,0,0,0
"DEBY028",23.26944387,11.879245,48.909518,348,"traffic",0,0.452830188679245,0.0911949685534591,0,0,0,0,0,0.154088050314465,0.229559748427673,211.95935383012,0,2984.56757218878,0,0
"DEBY063",40.78866215,12.101557,49.015245,337,"traffic",0.187898089171975,0.547770700636943,0.10828025477707,0.054140127388535,0,0,0,0.0445859872611465,0,0,1802.54027261462,1258.4201550846,0,0,1662.41277539278
"DEBY111",31.26366633,11.570088,49.943637,337,"traffic",0.137380191693291,0.619808306709265,0.23961661341853,0,0,0,0,0.00319488817891374,0,0,1077.96204990288,3447.66199843185,0,0,0
"DEBY001",33.0879386,10.572297,49.304889,400,"traffic",0.174050632911392,0.594936708860759,0.161392405063291,0,0,0,0,0.0158227848101266,0.0537974683544304,0,411.960764688219,2344.70071504241,490.360773117781,0,0
"DEBY053",36.32819479,11.088444,49.44591,307,"traffic",0.385852090032154,0.353697749196141,0.00964630225080386,0.176848874598071,0,0,0,0.067524115755627,0,0,2736.21096684194,0,0,0,2038.93572883485
"DEBY120",48.05946659,11.036096,49.440478,308,"traffic",0,0.592948717948718,0.294871794871795,0,0,0,0,0.112179487179487,0,0,2736.21096684194,1999.52010533632,986.430868450344,0,0
"DEBY119",41.80828137,9.947654,49.790526,198,"traffic",0.0349206349206349,0.66984126984127,0.136507936507936,0.0126984126984127,0,0,0,0.146031746031746,0,0,1425.00285290426,2530.3831087009,0,0,0
"DEBY006",30.16492448,10.895029,48.364589,492,"traffic",0.466237942122186,0.29903536977492,0.0836012861736334,0.128617363344051,0,0,0,0.022508038585209,0,0,1950.24516480523,0,0,0,1842.3530197211
"DEBY110",49.01676678,10.896221,48.370237,485,"traffic",0.332278481012658,0.54746835443038,0.0854430379746835,0.0348101265822785,0,0,0,0,0,0,1950.24516480523,0,0,0,2062.6800973249
"DEBY035",24.48643486,9.688869,47.557473,411,"traffic",0.00958466453674121,0.645367412140575,0.0351437699680511,0,0,0,0,0.00319488817891374,0.172523961661342,0,760.423600605144,0,2069.90645616153,0,805.977172597137
"DESL020",39.77119811,7.003174,49.23074,192,"traffic",0.307692307692308,0.439102564102564,0.137820512820513,0,0,0,0,0.115384615384615,0,0,1066.1978574421,3018.76469143672,0,1755.68537813151,0
"DEBE061",47.57764577,13.31825,52.463611,45,"traffic",0,1,0,0,0,0,0,0,0,0,3947.59501620518,160.548187410472,0,1508.64911755139,0
"DEBE063",51.61890187,13.441654,52.467534,40,"traffic",0,0.636942675159236,0.289808917197452,0,0,0,0,0.0732484076433121,0,0,3947.59501620518,0,0,1876.32952392486,0
"DEBE064",51.52625204,13.433967,52.481709,40,"traffic",0,0.920886075949367,0,0,0,0,0,0.0791139240506329,0,0,3947.59501620518,0,0,0,0
"DEBE065",41.16649047,13.469931,52.514072,40,"traffic",0.15506329113924,0.756329113924051,0.0886075949367089,0,0,0,0,0,0,0,3947.59501620518,1977.18241523966,0,0,0
"DEBE067",52.97323661,13.332972,52.5066,35,"traffic",0.135048231511254,0.479099678456592,0.19935691318328,0,0,0,0,0.186495176848875,0,0,3947.59501620518,1471.73853059639,0,0,0
"DEBE069",48.9145468,13.38772,52.438115,50,"traffic",0,0.640378548895899,0.16403785488959,0,0,0,0,0.195583596214511,0,0,3947.59501620518,3223.40513045161,0,0,0
"DEBB049",25.88797601,12.548376,52.409309,33,"traffic",0.0157728706624606,0.580441640378549,0.195583596214511,0,0,0,0,0.20820189274448,0,0,311.58417134648,1444.69166620711,0,0,149.655669523534
"DEBB044",35.30914762,14.327998,51.756476,70,"traffic",0.21474358974359,0.576923076923077,0.0352564102564103,0.157051282051282,0,0,0,0.016025641025641,0,0,603.6148955495,0,1914.029122449,0,1154.40336522951
"DEBB087",24.95955443,14.325549,51.75413,75,"traffic",0.140127388535032,0.617834394904459,0.00955414012738853,0.229299363057325,0,0,0,0.00318471337579618,0,0,603.6148955495,411.7828406136,1378.16065725719,0,1171.15986269785
"DEBB045",37.08061557,14.538595,52.337336,56,"traffic",0,0.806962025316456,0.126582278481013,0,0,0,0,0.0664556962025316,0,0,392.911734866419,2129.66012825816,0,0,0
"DEBB073",41.75364259,13.094618,52.388869,32,"traffic",0,0.576923076923077,0.163461538461538,0,0,0,0,0.259615384615385,0,0,891.075697211155,1764.60305150674,440.178557186521,0,726.172285405025
"DEBB054",44.60748886,13.037474,52.393932,31,"traffic",0,0.610223642172524,0.0287539936102236,0,0,0,0,0.220447284345048,0,0,891.075697211155,2714.07516476092,0,0,0
"DEBB068",28.23040123,13.582269,52.677651,71,"traffic",0,0.784126984126984,0.0952380952380952,0,0,0,0,0.0793650793650794,0.0222222222222222,0.019047619047619,356.845238095238,0,3875.94485228259,0,0
"DEBB060",27.39635321,13.822211,52.832467,20,"traffic",0,0.685714285714286,0.0571428571428571,0,0,0,0,0.101587301587302,0,0.155555555555556,419.679658302189,2692.68953233129,764.523676784754,0,0
"DEBB099",34.81984927,13.84825,52.481882,53,"traffic",0,0.360759493670886,0.10126582278481,0,0,0,0,0,0.167721518987342,0.370253164556962,217.545105838898,3629.12528285918,1182.3363955776,0,0
"DEBB032",11.8317074,14.638166,52.146264,40,"industrial",0,0.446945337620579,0.446945337620579,0,0,0,0.00321543408360129,0.0964630225080386,0,0,479.218528438632,2255.6598287563,0,0,963.73052886463
"DEBB029",10.69360552,14.285139,53.064262,5,"industrial",0,0.818471337579618,0.0636942675159236,0,0,0,0,0.0222929936305732,0.0955414012738854,0,147.210196040278,2096.8349797509,0,0,0
"DEMV020",38.17941036,12.141994,54.092278,1,"traffic",0.136075949367089,0.278481012658228,0.158227848101266,0,0,0,0,0,0.00632911392405063,0,1136.54970760234,0,0,0,0
"DEMV022",30.60055318,12.099553,54.09262,9,"traffic",0,0.662379421221865,0.228295819935691,0,0,0,0,0.0289389067524116,0,0,1136.54970760234,0,0,0,0
"DEMV031",18.67147083,12.09792,54.17729,2,"industrial",0.0791139240506329,0.240506329113924,0.104430379746835,0,0.0221518987341772,0,0,0,0,0,1136.54970760234,661.643206400505,0,0,0
"DEMV023",21.82788583,11.398332,53.631805,58,"traffic",0,0.683544303797468,0.104430379746835,0,0,0,0,0.208860759493671,0,0,741.648789457554,41.4461498813274,0,0,0
"DEMV003",21.06958976,13.26644,53.559784,15,"traffic",0,0.710191082802548,0.184713375796178,0,0,0,0,0.105095541401274,0,0,742.406910236956,3999.63810748857,0,0,0
"DEMV025",18.32474657,13.08101,54.31923,8,"traffic",0.135048231511254,0.530546623794212,0,0,0,0,0,0.0128617363344051,0,0.0418006430868167,1073.44183465878,0,2230.19236974795,0,0
"DEMV027",14.38723226,13.779314,54.053175,6,"traffic",0,0.455128205128205,0.032051282051282,0,0.0993589743589744,0,0,0,0.0737179487179487,0,87.3790701531317,2014.2779944265,827.255979188994,0,0
"DESN075",22.74990437,12.138054,50.486138,343,"traffic",0,0.54746835443038,0.313291139240506,0,0,0,0,0.132911392405063,0,0.00632911392405063,638.474343909126,4199.45145198975,0,0,0
"DESN091",25.59806626,12.486621,50.720405,267,"traffic",0,0.642405063291139,0.170886075949367,0.0379746835443038,0,0,0,0.14873417721519,0,0,888.571428571429,4780.57365502192,0,0,0
"DESN061",31.73665434,13.741397,51.06493,112,"traffic",0,0.517684887459807,0.231511254019293,0.0964630225080386,0,0,0,0.0578778135048231,0.00964630225080386,0,1656.43751332582,5234.84438510816,0,0,0
"DESN084",49.41607839,13.731608,51.026294,150,"traffic",0,0.564102564102564,0.314102564102564,0,0,0,0,0.121794871794872,0,0,1656.43751332582,1997.44159830156,1062.65768270576,0,0
"DESN020",22.64817739,14.973958,51.155801,210,"traffic",0.0630914826498423,0.422712933753943,0.34384858044164,0.0757097791798107,0,0,0,0.0946372239747634,0,0,821.757882212969,2201.9396649999,0,0,0
"DESN025",42.80036003,12.377163,51.344164,110,"traffic",0.246835443037975,0.417721518987342,0.0949367088607595,0.164556962025316,0,0,0,0.0759493670886076,0,0,1884.63633612428,2285.65210008425,0,0,0
"DESN077",40.24325103,12.334686,51.335872,113,"traffic",0,0.718354430379747,0.0379746835443038,0,0,0,0,0.224683544303797,0,0,1884.63633612428,2232.85054351168,0,0,0
"DESN006",21.61574394,12.493056,51.125,145,"traffic",0,0.749206349206349,0.0222222222222222,0,0,0,0,0.126984126984127,0.0571428571428571,0.0444444444444444,315.458627325208,3018.39117176374,0,0,0
"DEST091",20.61393212,12.244764,51.840576,61,"traffic",0,0.717948717948718,0.016025641025641,0,0,0,0,0.253205128205128,0,0.0128205128205128,338.804445534036,2242.67880160285,0,0,0
"DEST075",34.59431484,11.983406,51.475164,113,"traffic",0.0317460317460317,0.463492063492064,0.244444444444444,0.257142857142857,0,0,0,0.00317460317460317,0,0,1755.22885498445,3979.13909378531,0,0,0
"DEST102",48.59622402,11.981314,51.494756,118,"traffic",0,0.610932475884244,0.189710610932476,0.0739549839228296,0,0,0,0.0578778135048231,0.067524115755627,0,1755.22885498445,2412.49325240341,0,0,0
"DEST103",34.01210926,11.632669,52.12076,53,"traffic",0,0.410094637223975,0.0189274447949527,0.10410094637224,0,0,0,0.381703470031546,0,0,1172.75124378109,0,0,0,0
"DEST015",14.64222733,12.302866,51.651166,75,"industrial",0,0.302547770700637,0.296178343949045,0,0,0,0,0,0.277070063694268,0.124203821656051,462.681449308492,0,0,0,0
"DEST108",17.95532599,11.96096,51.197249,116,"traffic",0,0.710610932475884,0,0.00321543408360129,0,0,0,0.218649517684887,0.067524115755627,0,355.772787318362,2464.30780460033,898.056718416088,0,0
"DEST090",13.90287523,12.032141,51.321364,96,"industrial",0,0.413461538461538,0.0480769230769231,0,0,0,0,0,0.503205128205128,0.0352564102564103,157.701516360734,0,0,0,0
"DEST095",27.49361355,11.449438,51.759554,125,"traffic",0,0.821086261980831,0.00958466453674121,0,0,0,0,0.115015974440895,0.0479233226837061,0.00638977635782748,177.89797094028,1933.26058130406,0,0,382.459791480015
"DEST092",32.46390882,12.59827,51.867471,73,"traffic",0,0.487179487179487,0.128205128205128,0,0,0,0,0.00320512820512821,0.336538461538462,0,193.371889822751,1988.69389917316,0,0,0
"DETH043",37.17352103,11.019353,50.984874,195,"traffic",0.0416666666666667,0.676282051282051,0.169871794871795,0,0,0,0,0.032051282051282,0.0801282051282051,0,778.56084185564,0,0,0,0
"DETH072",28.9321209,10.693092,50.61153,430,"traffic",0,0.646496815286624,0.0828025477707006,0,0,0,0,0.111464968152866,0,0.159235668789809,356.998641040575,0,2654.45075693777,0,587.337252817681
"DETH083",26.44893284,11.32607,50.977462,220,"traffic",0,0.806349206349206,0.00317460317460317,0,0,0,0,0.184126984126984,0,0.00634920634920635,759.126420454545,3016.19944822142,0,0,0
"DETH091",29.54693332,10.448476,51.205466,220,"traffic",0,0.939490445859873,0,0,0,0,0,0.00636942675159236,0.054140127388535,0,398.339866267005,2128.56570714479,964.284017244984,0,0
"DETH094",34.73834791,10.465835,51.208535,205,"traffic",0,0.826366559485531,0.157556270096463,0,0,0,0,0,0,0.0160771704180064,398.339866267005,4184.81315388677,542.429866946985,0,0
